<?xml version="1.0" encoding="UTF-8" standalone="yes"?>
<record:record xmlns:address="http://www.orcid.org/ns/address" xmlns:email="http://www.orcid.org/ns/email" xmlns:history="http://www.orcid.org/ns/history" xmlns:employment="http://www.orcid.org/ns/employment" xmlns:education="http://www.orcid.org/ns/education" xmlns:other-name="http://www.orcid.org/ns/other-name" xmlns:deprecated="http://www.orcid.org/ns/deprecated" xmlns:funding="http://www.orcid.org/ns/funding" xmlns:research-resource="http://www.orcid.org/ns/research-resource" xmlns:service="http://www.orcid.org/ns/service" xmlns:researcher-url="http://www.orcid.org/ns/researcher-url" xmlns:distinction="http://www.orcid.org/ns/distinction" xmlns:internal="http://www.orcid.org/ns/internal" xmlns:membership="http://www.orcid.org/ns/membership" xmlns:person="http://www.orcid.org/ns/person" xmlns:personal-details="http://www.orcid.org/ns/personal-details" xmlns:bulk="http://www.orcid.org/ns/bulk" xmlns:common="http://www.orcid.org/ns/common" xmlns:record="http://www.orcid.org/ns/record" xmlns:keyword="http://www.orcid.org/ns/keyword" xmlns:activities="http://www.orcid.org/ns/activities" xmlns:qualification="http://www.orcid.org/ns/qualification" xmlns:external-identifier="http://www.orcid.org/ns/external-identifier" xmlns:error="http://www.orcid.org/ns/error" xmlns:preferences="http://www.orcid.org/ns/preferences" xmlns:invited-position="http://www.orcid.org/ns/invited-position" xmlns:work="http://www.orcid.org/ns/work" xmlns:peer-review="http://www.orcid.org/ns/peer-review" path="/0000-0001-5000-5000">
    <common:orcid-identifier>
        <common:uri>https://orcid.org/0000-0001-5000-5000</common:uri>
        <common:path>0000-0001-5000-5000</common:path>
        <common:host>orcid.org</common:host>
    </common:orcid-identifier>
    <preferences:preferences>
        <preferences:locale>en</preferences:locale>
    </preferences:preferences>
    <history:history>
        <history:creation-method>Member-referred</history:creation-method>
        <history:submission-date>2021-01-04T16:27:39.595Z</history:submission-date>
        <common:last-modified-date>2021-07-22T15:41:29.121Z</common:last-modified-date>
        <history:claimed>true</history:claimed>
        <history:verified-email>true</history:verified-email>
        <history:verified-primary-email>true</history:verified-primary-email>
    </history:history>
    <person:person path="/0000-0001-5000-5000/person">
        <person:name visibility="public" path="0000-0001-5000-5000">
            <common:created-date>2021-01-04T16:27:39.824Z</common:created-date>
            <common:last-modified-date>2021-05-07T05:28:36.954Z</common:last-modified-date>
            <personal-details:given-names>Joel</personal-details:given-names>
            <personal-details:family-name>Gordon</personal-details:family-name>
            <personal-details:credit-name>Joel Adam Gordon</personal-details:credit-name>
        </person:name>
        <other-name:other-names path="/0000-0001-5000-5000/other-names"/>
        <researcher-url:researcher-urls path="/0000-0001-5000-5000/researcher-urls"/>
        <email:emails path="/0000-0001-5000-5000/email"/>
        <address:addresses path="/0000-0001-5000-5000/address"/>
        <keyword:keywords path="/0000-0001-5000-5000/keywords"/>
        <external-identifier:external-identifiers path="/0000-0001-5000-5000/external-identifiers"/>
    </person:person>
    <activities:activities-summary path="/0000-0001-5000-5000/activities">
        <common:last-modified-date>2021-07-22T14:31:02.068Z</common:last-modified-date>
        <activities:distinctions path="/0000-0001-5000-5000/distinctions"/>
        <activities:educations path="/0000-0001-5000-5000/educations">
            <common:last-modified-date>2021-05-07T05:27:12.717Z</common:last-modified-date>
            <activities:affiliation-group>
                <common:last-modified-date>2021-05-07T05:27:12.717Z</common:last-modified-date>
                <common:external-ids/>
                <education:education-summary put-code="14736593" display-index="1" path="/0000-0001-5000-5000/education/14736593" visibility="public">
                    <common:created-date>2021-05-07T05:27:12.717Z</common:created-date>
                    <common:last-modified-date>2021-05-07T05:27:12.717Z</common:last-modified-date>
                    <common:source>
                        <common:source-orcid>
                            <common:uri>https://orcid.org/0000-0001-5000-5000</common:uri>
                            <common:path>0000-0001-5000-5000</common:path>
                            <common:host>orcid.org</common:host>
                        </common:source-orcid>
                        <common:source-name>Joel Adam Gordon</common:source-name>
                    </common:source>
                    <common:department-name>School of Water, Energy and Environment</common:department-name>
                    <common:role-title>PhD</common:role-title>
                    <common:start-date>
                        <common:year>2020</common:year>
                        <common:month>09</common:month>
                        <common:day>19</common:day>
                    </common:start-date>
                    <common:organization>
                        <common:name>Cranfield University</common:name>
                        <common:address>
                            <common:city>Cranfield</common:city>
                            <common:region>Central Bedfordshire</common:region>
                            <common:country>GB</common:country>
                        </common:address>
                        <common:disambiguated-organization>
                            <common:disambiguated-organization-identifier>2717</common:disambiguated-organization-identifier>
                            <common:disambiguation-source>RINGGOLD</common:disambiguation-source>
                        </common:disambiguated-organization>
                    </common:organization>
                    <common:url>https://www.cranfield.ac.uk/events/events-2019/masters-research-exhibition</common:url>
                </education:education-summary>
            </activities:affiliation-group>
            <activities:affiliation-group>
                <common:last-modified-date>2021-05-07T05:24:11.267Z</common:last-modified-date>
                <common:external-ids/>
                <education:education-summary put-code="14736578" display-index="1" path="/0000-0001-5000-5000/education/14736578" visibility="public">
                    <common:created-date>2021-05-07T05:24:11.267Z</common:created-date>
                    <common:last-modified-date>2021-05-07T05:24:11.267Z</common:last-modified-date>
                    <common:source>
                        <common:source-orcid>
                            <common:uri>https://orcid.org/0000-0001-5000-5000</common:uri>
                            <common:path>0000-0001-5000-5000</common:path>
                            <common:host>orcid.org</common:host>
                        </common:source-orcid>
                        <common:source-name>Joel Adam Gordon</common:source-name>
                    </common:source>
                    <common:department-name>Department of Environmental Sciences and Policy</common:department-name>
                    <common:role-title>MSc in Environmental Sciences, Policy and Management</common:role-title>
                    <common:start-date>
                        <common:year>2018</common:year>
                        <common:month>09</common:month>
                        <common:day>09</common:day>
                    </common:start-date>
                    <common:end-date>
                        <common:year>2020</common:year>
                        <common:month>06</common:month>
                        <common:day>20</common:day>
                    </common:end-date>
                    <common:organization>
                        <common:name>Central European University</common:name>
                        <common:address>
                            <common:city>Budapest</common:city>
                            <common:country>HU</common:country>
                        </common:address>
                    </common:organization>
                    <common:url>https://envsci.ceu.edu/</common:url>
                </education:education-summary>
            </activities:affiliation-group>
            <activities:affiliation-group>
                <common:last-modified-date>2021-05-07T05:21:43.915Z</common:last-modified-date>
                <common:external-ids/>
                <education:education-summary put-code="14736567" display-index="1" path="/0000-0001-5000-5000/education/14736567" visibility="public">
                    <common:created-date>2021-05-07T05:21:43.915Z</common:created-date>
                    <common:last-modified-date>2021-05-07T05:21:43.915Z</common:last-modified-date>
                    <common:source>
                        <common:source-orcid>
                            <common:uri>https://orcid.org/0000-0001-5000-5000</common:uri>
                            <common:path>0000-0001-5000-5000</common:path>
                            <common:host>orcid.org</common:host>
                        </common:source-orcid>
                        <common:source-name>Joel Adam Gordon</common:source-name>
                    </common:source>
                    <common:department-name>Porter School of Environmental Studies</common:department-name>
                    <common:role-title>MA in Environmental Studies</common:role-title>
                    <common:start-date>
                        <common:year>2016</common:year>
                        <common:month>10</common:month>
                        <common:day>10</common:day>
                    </common:start-date>
                    <common:end-date>
                        <common:year>2017</common:year>
                        <common:month>08</common:month>
                        <common:day>01</common:day>
                    </common:end-date>
                    <common:organization>
                        <common:name>Tel Aviv University</common:name>
                        <common:address>
                            <common:city>Tel Aviv</common:city>
                            <common:country>IL</common:country>
                        </common:address>
                        <common:disambiguated-organization>
                            <common:disambiguated-organization-identifier>grid.12136.37</common:disambiguated-organization-identifier>
                            <common:disambiguation-source>GRID</common:disambiguation-source>
                        </common:disambiguated-organization>
                    </common:organization>
                    <common:url>https://english.tau.ac.il/Porter_school</common:url>
                </education:education-summary>
            </activities:affiliation-group>
        </activities:educations>
        <activities:employments path="/0000-0001-5000-5000/employments"/>
        <activities:fundings path="/0000-0001-5000-5000/fundings"/>
        <activities:invited-positions path="/0000-0001-5000-5000/invited-positions"/>
        <activities:memberships path="/0000-0001-5000-5000/memberships"/>
        <activities:peer-reviews path="/0000-0001-5000-5000/peer-reviews"/>
        <activities:qualifications path="/0000-0001-5000-5000/qualifications"/>
        <activities:research-resources path="/0000-0001-5000-5000/research-resources"/>
        <activities:services path="/0000-0001-5000-5000/services"/>
        <activities:works path="/0000-0001-5000-5000/works">
            <common:last-modified-date>2021-07-22T14:31:02.068Z</common:last-modified-date>
            <activities:group>
                <common:last-modified-date>2021-07-22T14:31:02.068Z</common:last-modified-date>
                <common:external-ids>
                    <common:external-id>
                        <common:external-id-type>doi</common:external-id-type>
                        <common:external-id-value>10.1038/s41560-021-00863-0</common:external-id-value>
                        <common:external-id-normalized transient="true">10.1038/s41560-021-00863-0</common:external-id-normalized>
                        <common:external-id-url>https://doi.org/10.1038/s41560-021-00863-0</common:external-id-url>
                        <common:external-id-relationship>self</common:external-id-relationship>
                    </common:external-id>
                </common:external-ids>
                <work:work-summary put-code="97350261" path="/0000-0001-5000-5000/work/97350261" visibility="public" display-index="0">
                    <common:created-date>2021-07-22T14:31:02.068Z</common:created-date>
                    <common:last-modified-date>2021-07-22T14:31:02.068Z</common:last-modified-date>
                    <common:source>
                        <common:source-client-id>
                            <common:uri>https://orcid.org/client/0000-0001-9884-1913</common:uri>
                            <common:path>0000-0001-9884-1913</common:path>
                            <common:host>orcid.org</common:host>
                        </common:source-client-id>
                        <common:source-name>Crossref</common:source-name>
                    </common:source>
                    <work:title>
                        <common:title>National growth dynamics of wind and solar power compared to the growth required for global climate targets</common:title>
                    </work:title>
                    <common:external-ids>
                        <common:external-id>
                            <common:external-id-type>doi</common:external-id-type>
                            <common:external-id-value>10.1038/s41560-021-00863-0</common:external-id-value>
                            <common:external-id-normalized transient="true">10.1038/s41560-021-00863-0</common:external-id-normalized>
                            <common:external-id-url>https://doi.org/10.1038/s41560-021-00863-0</common:external-id-url>
                            <common:external-id-relationship>self</common:external-id-relationship>
                        </common:external-id>
                    </common:external-ids>
                    <common:url>https://doi.org/10.1038/s41560-021-00863-0</common:url>
                    <work:type>journal-article</work:type>
                    <common:publication-date>
                        <common:year>2021</common:year>
                        <common:month>07</common:month>
                    </common:publication-date>
                    <work:journal-title>Nature Energy</work:journal-title>
                </work:work-summary>
            </activities:group>
        </activities:works>
    </activities:activities-summary>
</record:record>
