[{
  "_id": {
    "$oid": "663e6b09b674e305bc16877c"
  },
  "estacion_codigo": 28005002,
  "zona_calidad_aire_descripcion": "Zona 2 Aglomeraci??orredor del Henares",
  "estacion_municipio": "Alcal?e Henares",
  "estacion_fecha_alta": "2000/03/16 00:00:00.000",
  "estacion_tipo_area": "Urbana",
  "estacion_tipo_estacion": "Tr?co",
  "estacion_subarea_rural": "No aplica",
  "estacion_direccion_postal": "C.E.I.P. Manuel Aza??Avda. del Ej?ito, 5",
  "estacion_coord_UTM_ETRS89_x": 467965,
  "estacion_coord_UTM_ETRS89_y": 4481027,
  "estacion_coord_longitud": "03°22'40,0\"W",
  "estacion_coord_latitud": "40°28'45,0\"N",
  "estacion_altitud": 595,
  "estacion_analizador_NO": "Si",
  "estacion_analizador_NO2": "Si",
  "estacion_analizador_PM10": "Si",
  "estacion_analizador_PM2_5": "Si",
  "estacion_analizador_PM1": "No",
  "estacion_analizador_O3": "Si",
  "estacion_analizador_O3Q": "No",
  "estacion_analizador_TOL": "No",
  "estacion_analizador_BEN": "No",
  "estacion_analizador_XIL": "No",
  "estacion_analizador_CO": "Si",
  "estacion_analizador_SO2": "Si",
  "estacion_analizador_HCT": "No",
  "estacion_analizador_HNM": "No"
},
{
  "_id": {
    "$oid": "663e6b09b674e305bc16877d"
  },
  "estacion_codigo": 28006004,
  "zona_calidad_aire_descripcion": "Zona 2 Aglomeraci??orredor del Henares",
  "estacion_municipio": "Alcobendas",
  "estacion_fecha_alta": "2000/01/19 00:00:00.000",
  "estacion_tipo_area": "Urbana",
  "estacion_tipo_estacion": "Tr?co",
  "estacion_subarea_rural": "No aplica",
  "estacion_direccion_postal": "Parque de Andaluc? C/ Pintor Murillo",
  "estacion_coord_UTM_ETRS89_x": 445256,
  "estacion_coord_UTM_ETRS89_y": 4487842,
  "estacion_coord_longitud": "03°38'42,7\"W",
  "estacion_coord_latitud": "40°32'25,8\"N",
  "estacion_altitud": 688,
  "estacion_analizador_NO": "Si",
  "estacion_analizador_NO2": "Si",
  "estacion_analizador_PM10": "Si",
  "estacion_analizador_PM2_5": "No",
  "estacion_analizador_PM1": "No",
  "estacion_analizador_O3": "Si",
  "estacion_analizador_O3Q": "No",
  "estacion_analizador_TOL": "Si",
  "estacion_analizador_BEN": "Si",
  "estacion_analizador_XIL": "Si",
  "estacion_analizador_CO": "No",
  "estacion_analizador_SO2": "No",
  "estacion_analizador_HCT": "Si",
  "estacion_analizador_HNM": "Si"
},
{
  "_id": {
    "$oid": "663e6b09b674e305bc16877e"
  },
  "estacion_codigo": 28007004,
  "zona_calidad_aire_descripcion": "Zona 3 Aglomeraci??rbana Sur",
  "estacion_municipio": "Alcorc??008/09/11 00:00:00.000",
  "estacion_fecha_alta": "Urbana",
  "estacion_tipo_area": "Fondo",
  "estacion_tipo_estacion": "No aplica",
  "estacion_subarea_rural": "Colegio Blas de Otero, Avda. del Oeste, 4",
  "estacion_direccion_postal": 429193,
  "estacion_coord_UTM_ETRS89_x": 4466058,
  "estacion_coord_UTM_ETRS89_y": "03°50'01,4\"W",
  "estacion_coord_longitud": "40°20'30,9\"N",
  "estacion_coord_latitud": 693,
  "estacion_altitud": "Si",
  "estacion_analizador_NO": "Si",
  "estacion_analizador_NO2": "No",
  "estacion_analizador_PM10": "Si",
  "estacion_analizador_PM2_5": "No",
  "estacion_analizador_PM1": "Si",
  "estacion_analizador_O3": "No",
  "estacion_analizador_O3Q": "No",
  "estacion_analizador_TOL": "No",
  "estacion_analizador_BEN": "No",
  "estacion_analizador_XIL": "No",
  "estacion_analizador_CO": "No",
  "estacion_analizador_SO2": "No",
  "estacion_analizador_HCT": "No"
},
{
  "_id": {
    "$oid": "663e6b09b674e305bc16877f"
  },
  "estacion_codigo": 28009001,
  "zona_calidad_aire_descripcion": "Zona 2 Aglomeraci??orredor del Henares",
  "estacion_municipio": "Algete",
  "estacion_fecha_alta": "2007/03/31 00:00:00.000",
  "estacion_tipo_area": "Suburbana",
  "estacion_tipo_estacion": "Fondo",
  "estacion_subarea_rural": "No aplica",
  "estacion_direccion_postal": "Parque Europa, C/ Humilladero con C/ Francisco Quevedo",
  "estacion_coord_UTM_ETRS89_x": 457418,
  "estacion_coord_UTM_ETRS89_y": 4494454,
  "estacion_coord_longitud": "03°30'11,8''W",
  "estacion_coord_latitud": "40°35'59,1''N",
  "estacion_altitud": 800,
  "estacion_analizador_NO": "Si",
  "estacion_analizador_NO2": "Si",
  "estacion_analizador_PM10": "No",
  "estacion_analizador_PM2_5": "Si",
  "estacion_analizador_PM1": "No",
  "estacion_analizador_O3": "Si",
  "estacion_analizador_O3Q": "No",
  "estacion_analizador_TOL": "No",
  "estacion_analizador_BEN": "No",
  "estacion_analizador_XIL": "No",
  "estacion_analizador_CO": "No",
  "estacion_analizador_SO2": "No",
  "estacion_analizador_HCT": "No",
  "estacion_analizador_HNM": "No"
},
{
  "_id": {
    "$oid": "663e6b09b674e305bc168780"
  },
  "estacion_codigo": 28013002,
  "zona_calidad_aire_descripcion": "Zona 3 Aglomeraci??rbana Sur",
  "estacion_municipio": "Aranjuez",
  "estacion_fecha_alta": "2001/10/06 00:00:00.000",
  "estacion_tipo_area": "Suburbana",
  "estacion_tipo_estacion": "Fondo",
  "estacion_subarea_rural": "No aplica",
  "estacion_direccion_postal": "Polideportivo Municipal Agust?Mara?? C/ Moreras (C/ Primero de Mayo, 4)",
  "estacion_coord_UTM_ETRS89_x": 449540,
  "estacion_coord_UTM_ETRS89_y": 4431617,
  "estacion_coord_longitud": "03°35'29,1''W",
  "estacion_coord_latitud": "40°01'59,8''N",
  "estacion_altitud": 501,
  "estacion_analizador_NO": "Si",
  "estacion_analizador_NO2": "Si",
  "estacion_analizador_PM10": "Si",
  "estacion_analizador_PM2_5": "No",
  "estacion_analizador_PM1": "No",
  "estacion_analizador_O3": "Si",
  "estacion_analizador_O3Q": "No",
  "estacion_analizador_TOL": "No",
  "estacion_analizador_BEN": "No",
  "estacion_analizador_XIL": "No",
  "estacion_analizador_CO": "No",
  "estacion_analizador_SO2": "No",
  "estacion_analizador_HCT": "No",
  "estacion_analizador_HNM": "No"
},
{
  "_id": {
    "$oid": "663e6b09b674e305bc168781"
  },
  "estacion_codigo": 28014002,
  "zona_calidad_aire_descripcion": "Zona 2 Aglomeraci??orredor del Henares",
  "estacion_municipio": "Arganda del Rey",
  "estacion_fecha_alta": "2006/04/25 00:00:00.000",
  "estacion_tipo_area": "Urbana",
  "estacion_tipo_estacion": "Industrial",
  "estacion_subarea_rural": "No aplica",
  "estacion_direccion_postal": "Punto Limpio, C/ R?Taju??5",
  "estacion_coord_UTM_ETRS89_x": 460997,
  "estacion_coord_UTM_ETRS89_y": 4461247,
  "estacion_coord_longitud": "03°27'32,0\"W",
  "estacion_coord_latitud": "40°18'02,9\"N",
  "estacion_altitud": 586,
  "estacion_analizador_NO": "Si",
  "estacion_analizador_NO2": "Si",
  "estacion_analizador_PM10": "Si",
  "estacion_analizador_PM2_5": "No",
  "estacion_analizador_PM1": "No",
  "estacion_analizador_O3": "No",
  "estacion_analizador_O3Q": "Si",
  "estacion_analizador_TOL": "No",
  "estacion_analizador_BEN": "No",
  "estacion_analizador_XIL": "No",
  "estacion_analizador_CO": "No",
  "estacion_analizador_SO2": "No",
  "estacion_analizador_HCT": "No",
  "estacion_analizador_HNM": "No"
},
{
  "_id": {
    "$oid": "663e6b09b674e305bc168782"
  },
  "estacion_codigo": 28047002,
  "zona_calidad_aire_descripcion": "Zona 4 Aglomeraci??rbana Noroeste",
  "estacion_municipio": "Collado Villalba",
  "estacion_fecha_alta": "2006/05/31 00:00:00.000",
  "estacion_tipo_area": "Urbana",
  "estacion_tipo_estacion": "Tr?co",
  "estacion_subarea_rural": "No aplica",
  "estacion_direccion_postal": "Colegio Público Rosa Chacel, C/ Santa Teresa de Jesús, 12",
  "estacion_coord_UTM_ETRS89_x": 414229,
  "estacion_coord_UTM_ETRS89_y": 4498522,
  "estacion_coord_longitud": "04°00'51,1\"W",
  "estacion_coord_latitud": "40°37'59,2\"N",
  "estacion_altitud": 873,
  "estacion_analizador_NO": "Si",
  "estacion_analizador_NO2": "Si",
  "estacion_analizador_PM10": "No",
  "estacion_analizador_PM2_5": "Si",
  "estacion_analizador_PM1": "No",
  "estacion_analizador_O3": "Si",
  "estacion_analizador_O3Q": "No",
  "estacion_analizador_TOL": "Si",
  "estacion_analizador_BEN": "Si",
  "estacion_analizador_XIL": "Si",
  "estacion_analizador_CO": "No",
  "estacion_analizador_SO2": "Si",
  "estacion_analizador_HCT": "Si",
  "estacion_analizador_HNM": "Si"
},
{
  "_id": {
    "$oid": "663e6b09b674e305bc168783"
  },
  "estacion_codigo": 28045002,
  "zona_calidad_aire_descripcion": "Zona 4 Aglomeraci??rbana Noroeste",
  "estacion_municipio": "Colmenar Viejo",
  "estacion_fecha_alta": "2001/10/06 00:00:00.000",
  "estacion_tipo_area": "Urbana",
  "estacion_tipo_estacion": "Tr?co",
  "estacion_subarea_rural": "No aplica",
  "estacion_direccion_postal": "Auditorio Municipal, C/ Molino de Viento, s/n",
  "estacion_coord_UTM_ETRS89_x": 434586,
  "estacion_coord_UTM_ETRS89_y": 4501816,
  "estacion_coord_longitud": "03°46'26,0''W",
  "estacion_coord_latitud": "40°39'52,7''N",
  "estacion_altitud": 905,
  "estacion_analizador_NO": "Si",
  "estacion_analizador_NO2": "Si",
  "estacion_analizador_PM10": "Si",
  "estacion_analizador_PM2_5": "No",
  "estacion_analizador_PM1": "No",
  "estacion_analizador_O3": "Si",
  "estacion_analizador_O3Q": "No",
  "estacion_analizador_TOL": "No",
  "estacion_analizador_BEN": "No",
  "estacion_analizador_XIL": "No",
  "estacion_analizador_CO": "Si",
  "estacion_analizador_SO2": "No",
  "estacion_analizador_HCT": "No",
  "estacion_analizador_HNM": "No"
},
{
  "_id": {
    "$oid": "663e6b09b674e305bc168784"
  },
  "estacion_codigo": 28049003,
  "zona_calidad_aire_descripcion": "Zona 2 Aglomeraci??orredor del Henares",
  "estacion_municipio": "Coslada",
  "estacion_fecha_alta": "2007/06/05 00:00:00.000",
  "estacion_tipo_area": "Urbana",
  "estacion_tipo_estacion": "Tr?co",
  "estacion_subarea_rural": "No aplica",
  "estacion_direccion_postal": "Polideportivo Municipal Valle Aguado, Avda. Jos??te, 8 (C/ Perú, 17)",
  "estacion_coord_UTM_ETRS89_x": 453962,
  "estacion_coord_UTM_ETRS89_y": 4475734,
  "estacion_coord_longitud": "03°32'32,3\"W",
  "estacion_coord_latitud": "40°25'49,7\"N",
  "estacion_altitud": 621,
  "estacion_analizador_NO": "Si",
  "estacion_analizador_NO2": "Si",
  "estacion_analizador_PM10": "Si",
  "estacion_analizador_PM2_5": "Si",
  "estacion_analizador_PM1": "No",
  "estacion_analizador_O3": "Si",
  "estacion_analizador_O3Q": "No",
  "estacion_analizador_TOL": "No",
  "estacion_analizador_BEN": "No",
  "estacion_analizador_XIL": "No",
  "estacion_analizador_CO": "No",
  "estacion_analizador_SO2": "No",
  "estacion_analizador_HCT": "No",
  "estacion_analizador_HNM": "No"
},
{
  "_id": {
    "$oid": "663e6b09b674e305bc168785"
  },
  "estacion_codigo": 28016001,
  "zona_calidad_aire_descripcion": "Zona 5 Sierra Norte",
  "estacion_municipio": "El Atazar",
  "estacion_fecha_alta": "2006/08/22 00:00:00.000",
  "estacion_tipo_area": "Rural",
  "estacion_tipo_estacion": "Fondo",
  "estacion_subarea_rural": "Remota",
  "estacion_direccion_postal": "Instalaciones del Canal de Isabel II",
  "estacion_coord_UTM_ETRS89_x": 460650,
  "estacion_coord_UTM_ETRS89_y": 4528835,
  "estacion_coord_longitud": "03°28'04,4\"W",
  "estacion_coord_latitud": "40°54'32,6\"N",
  "estacion_altitud": 995,
  "estacion_analizador_NO": "Si",
  "estacion_analizador_NO2": "Si",
  "estacion_analizador_PM10": "Si",
  "estacion_analizador_PM2_5": "Si",
  "estacion_analizador_PM1": "No",
  "estacion_analizador_O3": "Si",
  "estacion_analizador_O3Q": "No",
  "estacion_analizador_TOL": "Si",
  "estacion_analizador_BEN": "Si",
  "estacion_analizador_XIL": "Si",
  "estacion_analizador_CO": "Si",
  "estacion_analizador_SO2": "Si",
  "estacion_analizador_HCT": "Si",
  "estacion_analizador_HNM": "Si"
},
{
  "_id": {
    "$oid": "663e6b09b674e305bc168786"
  },
  "estacion_codigo": 28058004,
  "zona_calidad_aire_descripcion": "Zona 3 Aglomeraci??rbana Sur",
  "estacion_municipio": "Fuenlabrada",
  "estacion_fecha_alta": "2000/05/01 00:00:00.000",
  "estacion_tipo_area": "Urbana",
  "estacion_tipo_estacion": "Industrial",
  "estacion_subarea_rural": "No aplica",
  "estacion_direccion_postal": "C/ Grecia, 3 (trasera)",
  "estacion_coord_UTM_ETRS89_x": 431915,
  "estacion_coord_UTM_ETRS89_y": 4459315,
  "estacion_coord_longitud": "03°48'03,4\"W",
  "estacion_coord_latitud": "40°16'53,5\"N",
  "estacion_altitud": 699,
  "estacion_analizador_NO": "Si",
  "estacion_analizador_NO2": "Si",
  "estacion_analizador_PM10": "Si",
  "estacion_analizador_PM2_5": "No",
  "estacion_analizador_PM1": "No",
  "estacion_analizador_O3": "Si",
  "estacion_analizador_O3Q": "No",
  "estacion_analizador_TOL": "Si",
  "estacion_analizador_BEN": "Si",
  "estacion_analizador_XIL": "Si",
  "estacion_analizador_CO": "No",
  "estacion_analizador_SO2": "No",
  "estacion_analizador_HCT": "Si",
  "estacion_analizador_HNM": "Si"
},
{
  "_id": {
    "$oid": "663e6b09b674e305bc168787"
  },
  "estacion_codigo": 28065014,
  "zona_calidad_aire_descripcion": "Zona 3 Aglomeraci??rbana Sur",
  "estacion_municipio": "Getafe",
  "estacion_fecha_alta": "2006/10/31 00:00:00.000",
  "estacion_tipo_area": "Urbana",
  "estacion_tipo_estacion": "Tr?co",
  "estacion_subarea_rural": "No aplica",
  "estacion_direccion_postal": "C.E.I.P. Mariana Pineda, Avda. de las Ciudades, 33",
  "estacion_coord_UTM_ETRS89_x": 439085,
  "estacion_coord_UTM_ETRS89_y": 4462913,
  "estacion_coord_longitud": "03°43'00,7\"W",
  "estacion_coord_latitud": "40°18'52,5\"N",
  "estacion_altitud": 667,
  "estacion_analizador_NO": "Si",
  "estacion_analizador_NO2": "Si",
  "estacion_analizador_PM10": "Si",
  "estacion_analizador_PM2_5": "Si",
  "estacion_analizador_PM1": "No",
  "estacion_analizador_O3": "Si",
  "estacion_analizador_O3Q": "No",
  "estacion_analizador_TOL": "No",
  "estacion_analizador_BEN": "No",
  "estacion_analizador_XIL": "No",
  "estacion_analizador_CO": "No",
  "estacion_analizador_SO2": "No",
  "estacion_analizador_HCT": "No",
  "estacion_analizador_HNM": "No"
},
{
  "_id": {
    "$oid": "663e6b09b674e305bc168788"
  },
  "estacion_codigo": 28067001,
  "zona_calidad_aire_descripcion": "Zona 5 Sierra Norte",
  "estacion_municipio": "Guadalix de la Sierra",
  "estacion_fecha_alta": "2006/10/31 00:00:00.000",
  "estacion_tipo_area": "Rural",
  "estacion_tipo_estacion": "Fondo",
  "estacion_subarea_rural": "Regional",
  "estacion_direccion_postal": "Camino de Chozas, s/n",
  "estacion_coord_UTM_ETRS89_x": 440753,
  "estacion_coord_UTM_ETRS89_y": 4514643,
  "estacion_coord_longitud": "03°42'07,8\"W",
  "estacion_coord_latitud": "40°46'50,3\"N",
  "estacion_altitud": 853,
  "estacion_analizador_NO": "Si",
  "estacion_analizador_NO2": "Si",
  "estacion_analizador_PM10": "Si",
  "estacion_analizador_PM2_5": "No",
  "estacion_analizador_PM1": "No",
  "estacion_analizador_O3": "Si",
  "estacion_analizador_O3Q": "No",
  "estacion_analizador_TOL": "No",
  "estacion_analizador_BEN": "No",
  "estacion_analizador_XIL": "No",
  "estacion_analizador_CO": "No",
  "estacion_analizador_SO2": "No",
  "estacion_analizador_HCT": "No",
  "estacion_analizador_HNM": "No"
},
{
  "_id": {
    "$oid": "663e6b09b674e305bc168789"
  },
  "estacion_codigo": 28127004,
  "zona_calidad_aire_descripcion": "Zona 4 Aglomeraci??rbana Noroeste",
  "estacion_municipio": "Las Rozas",
  "estacion_fecha_alta": "2023/08/01 00:00:00.000",
  "estacion_tipo_area": "Suburbana",
  "estacion_tipo_estacion": "Tr?co",
  "estacion_subarea_rural": "No aplica",
  "estacion_direccion_postal": "Centro de Juventud. Av. Ntra. Se?? del Retamar, 8",
  "estacion_coord_UTM_ETRS89_x": 424915,
  "estacion_coord_UTM_ETRS89_y": 4483767,
  "estacion_coord_longitud": "03°53'08,1\" W",
  "estacion_coord_latitud": "40°30'02,3\" N",
  "estacion_altitud": 718,
  "estacion_analizador_NO": "Si",
  "estacion_analizador_NO2": "Si",
  "estacion_analizador_PM10": "Si",
  "estacion_analizador_PM2_5": "No",
  "estacion_analizador_PM1": "No",
  "estacion_analizador_O3": "Si",
  "estacion_analizador_O3Q": "No",
  "estacion_analizador_TOL": "No",
  "estacion_analizador_BEN": "No",
  "estacion_analizador_XIL": "No",
  "estacion_analizador_CO": "No",
  "estacion_analizador_SO2": "No",
  "estacion_analizador_HCT": "No",
  "estacion_analizador_HNM": "No"
},
{
  "_id": {
    "$oid": "663e6b09b674e305bc16878a"
  },
  "estacion_codigo": 28074007,
  "zona_calidad_aire_descripcion": "Zona 3 Aglomeraci??rbana Sur",
  "estacion_municipio": "Legan?2000/05/01 00:00:00.000",
  "estacion_fecha_alta": "Urbana",
  "estacion_tipo_area": "Tr?co",
  "estacion_tipo_estacion": "No aplica",
  "estacion_subarea_rural": "C.E.P.A. Rosal?de Castro, C/ Roncal (Avda. de la Mancha, 50)",
  "estacion_direccion_postal": 435921,
  "estacion_coord_UTM_ETRS89_x": 4465738,
  "estacion_coord_UTM_ETRS89_y": "03°45'16,3\"W",
  "estacion_coord_longitud": "40°20'23,2\"N",
  "estacion_coord_latitud": 676,
  "estacion_altitud": "Si",
  "estacion_analizador_NO": "Si",
  "estacion_analizador_NO2": "Si",
  "estacion_analizador_PM10": "Si",
  "estacion_analizador_PM2_5": "Si",
  "estacion_analizador_PM1": "Si",
  "estacion_analizador_O3": "No",
  "estacion_analizador_O3Q": "No",
  "estacion_analizador_TOL": "No",
  "estacion_analizador_BEN": "No",
  "estacion_analizador_XIL": "No",
  "estacion_analizador_CO": "No",
  "estacion_analizador_SO2": "No",
  "estacion_analizador_HCT": "No"
},
{
  "_id": {
    "$oid": "663e6b09b674e305bc16878b"
  },
  "estacion_codigo": 28080003,
  "zona_calidad_aire_descripcion": "Zona 4 Aglomeraci??rbana Noroeste",
  "estacion_municipio": "Majadahonda",
  "estacion_fecha_alta": "2001/10/06 00:00:00.000",
  "estacion_tipo_area": "Suburbana",
  "estacion_tipo_estacion": "Fondo",
  "estacion_subarea_rural": "No aplica",
  "estacion_direccion_postal": "Campo de golf, C/ Isaac Alb?z",
  "estacion_coord_UTM_ETRS89_x": 426307,
  "estacion_coord_UTM_ETRS89_y": 4477644,
  "estacion_coord_longitud": "03°52'08,4''W",
  "estacion_coord_latitud": "40°26'46,3''N",
  "estacion_altitud": 360,
  "estacion_analizador_NO": "Si",
  "estacion_analizador_NO2": "Si",
  "estacion_analizador_PM10": "Si",
  "estacion_analizador_PM2_5": "No",
  "estacion_analizador_PM1": "No",
  "estacion_analizador_O3": "Si",
  "estacion_analizador_O3Q": "No",
  "estacion_analizador_TOL": "No",
  "estacion_analizador_BEN": "No",
  "estacion_analizador_XIL": "No",
  "estacion_analizador_CO": "No",
  "estacion_analizador_SO2": "No",
  "estacion_analizador_HCT": "No",
  "estacion_analizador_HNM": "No"
},
{
  "_id": {
    "$oid": "663e6b09b674e305bc16878c"
  },
  "estacion_codigo": 28092005,
  "zona_calidad_aire_descripcion": "Zona 3 Aglomeraci??rbana Sur",
  "estacion_municipio": "M??les",
  "estacion_fecha_alta": "2000/05/01 00:00:00.000",
  "estacion_tipo_area": "Suburbana",
  "estacion_tipo_estacion": "Fondo",
  "estacion_subarea_rural": "No aplica",
  "estacion_direccion_postal": "Parque Liana",
  "estacion_coord_UTM_ETRS89_x": 425511,
  "estacion_coord_UTM_ETRS89_y": 4464112,
  "estacion_coord_longitud": "03°52'36,3\"W",
  "estacion_coord_latitud": "40°19'27,2\"N",
  "estacion_altitud": 660,
  "estacion_analizador_NO": "Si",
  "estacion_analizador_NO2": "Si",
  "estacion_analizador_PM10": "Si",
  "estacion_analizador_PM2_5": "No",
  "estacion_analizador_PM1": "No",
  "estacion_analizador_O3": "Si",
  "estacion_analizador_O3Q": "No",
  "estacion_analizador_TOL": "No",
  "estacion_analizador_BEN": "No",
  "estacion_analizador_XIL": "No",
  "estacion_analizador_CO": "Si",
  "estacion_analizador_SO2": "Si",
  "estacion_analizador_HCT": "No",
  "estacion_analizador_HNM": "No"
},
{
  "_id": {
    "$oid": "663e6b09b674e305bc16878d"
  },
  "estacion_codigo": 28102001,
  "zona_calidad_aire_descripcion": "Zona 7 Cuenca del Taju??rusco de Taju??006/09/29 00:00:00.000",
  "estacion_municipio": "Rural",
  "estacion_fecha_alta": "Fondo",
  "estacion_tipo_area": "Remota",
  "estacion_tipo_estacion": "Camino forestal de acceso al repetidor de telefon?481211",
  "estacion_subarea_rural": 4459697,
  "estacion_direccion_postal": "03°13'16,0\"W",
  "estacion_coord_UTM_ETRS89_x": "40°17'15,3\"N",
  "estacion_coord_UTM_ETRS89_y": 800,
  "estacion_coord_longitud": "Si",
  "estacion_coord_latitud": "Si",
  "estacion_altitud": "Si",
  "estacion_analizador_NO": "No",
  "estacion_analizador_NO2": "No",
  "estacion_analizador_PM10": "Si",
  "estacion_analizador_PM2_5": "No",
  "estacion_analizador_PM1": "No",
  "estacion_analizador_O3": "No",
  "estacion_analizador_O3Q": "No",
  "estacion_analizador_TOL": "Si",
  "estacion_analizador_BEN": "Si",
  "estacion_analizador_XIL": "No",
  "estacion_analizador_CO": "No"
},
{
  "_id": {
    "$oid": "663e6b09b674e305bc16878e"
  },
  "estacion_codigo": 28106001,
  "zona_calidad_aire_descripcion": "Zona 3 Aglomeraci??rbana Sur",
  "estacion_municipio": "Parla",
  "estacion_fecha_alta": "2023/08/03 00:00:00.000",
  "estacion_tipo_area": "Suburbana",
  "estacion_tipo_estacion": "Tr?co",
  "estacion_subarea_rural": "No aplica",
  "estacion_direccion_postal": "Calle Villafranca de los Caballeros, 25 (recinto de la Polic?Local de Parla).",
  "estacion_coord_UTM_ETRS89_x": 445936,
  "estacion_coord_UTM_ETRS89_y": 4455279,
  "estacion_coord_longitud": "03°46'17,0\" W",
  "estacion_coord_latitud": "40°14'45,3\" N",
  "estacion_altitud": 648,
  "estacion_analizador_NO": "Si",
  "estacion_analizador_NO2": "Si",
  "estacion_analizador_PM10": "No",
  "estacion_analizador_PM2_5": "Si",
  "estacion_analizador_PM1": "No",
  "estacion_analizador_O3": "Si",
  "estacion_analizador_O3Q": "No",
  "estacion_analizador_TOL": "No",
  "estacion_analizador_BEN": "No",
  "estacion_analizador_XIL": "No",
  "estacion_analizador_CO": "No",
  "estacion_analizador_SO2": "No",
  "estacion_analizador_HCT": "No",
  "estacion_analizador_HNM": "No"
},
{
  "_id": {
    "$oid": "663e6b09b674e305bc16878f"
  },
  "estacion_codigo": 28115003,
  "zona_calidad_aire_descripcion": "Zona 4 Aglomeraci??rbana Noroeste",
  "estacion_municipio": "Pozuelo de Alarc??023/08/14 00:00:00.000",
  "estacion_fecha_alta": "Suburbana",
  "estacion_tipo_area": "Tr?co",
  "estacion_tipo_estacion": "No aplica",
  "estacion_subarea_rural": "Avenida de Juan XXIII, 6-8. ",
  "estacion_direccion_postal": 424854,
  "estacion_coord_UTM_ETRS89_x": 4477699,
  "estacion_coord_UTM_ETRS89_y": "03°48'28,8\" W",
  "estacion_coord_longitud": "40°26'47,8\" N",
  "estacion_coord_latitud": 690,
  "estacion_altitud": "Si",
  "estacion_analizador_NO": "Si",
  "estacion_analizador_NO2": "No",
  "estacion_analizador_PM10": "Si",
  "estacion_analizador_PM2_5": "No",
  "estacion_analizador_PM1": "Si",
  "estacion_analizador_O3": "No",
  "estacion_analizador_O3Q": "No",
  "estacion_analizador_TOL": "No",
  "estacion_analizador_BEN": "No",
  "estacion_analizador_XIL": "No",
  "estacion_analizador_CO": "No",
  "estacion_analizador_SO2": "No",
  "estacion_analizador_HCT": "No"
},
{
  "_id": {
    "$oid": "663e6b09b674e305bc168790"
  },
  "estacion_codigo": 28120001,
  "zona_calidad_aire_descripcion": "Zona 5 Sierra Norte",
  "estacion_municipio": "Puerto de Cotos (Rascafr?",
  "estacion_fecha_alta": "2019/01/01 00:00:00.000",
  "estacion_tipo_area": "Rural",
  "estacion_tipo_estacion": "Fondo",
  "estacion_subarea_rural": "Remota",
  "estacion_direccion_postal": "Centro de ViSitantes Pe??ra, Ctra. M-604, km 42 (Puerto de Cotos, Rascafr?",
  "estacion_coord_UTM_ETRS89_x": 418948,
  "estacion_coord_UTM_ETRS89_y": 4519787,
  "estacion_coord_longitud": "03°57'40,3\"W",
  "estacion_coord_latitud": "40°49'30,4\"N",
  "estacion_altitud": 1870,
  "estacion_analizador_NO": "Si",
  "estacion_analizador_NO2": "Si",
  "estacion_analizador_PM10": "Si",
  "estacion_analizador_PM2_5": "Si",
  "estacion_analizador_PM1": "No",
  "estacion_analizador_O3": "Si",
  "estacion_analizador_O3Q": "No",
  "estacion_analizador_TOL": "No",
  "estacion_analizador_BEN": "No",
  "estacion_analizador_XIL": "No",
  "estacion_analizador_CO": "No",
  "estacion_analizador_SO2": "No",
  "estacion_analizador_HCT": "No",
  "estacion_analizador_HNM": "No"
},
{
  "_id": {
    "$oid": "663e6b09b674e305bc168791"
  },
  "estacion_codigo": 28123002,
  "zona_calidad_aire_descripcion": "Zona 2 Aglomeraci??orredor del Henares",
  "estacion_municipio": "Rivas-Vaciamadrid",
  "estacion_fecha_alta": "2006/08/02 00:00:00.000",
  "estacion_tipo_area": "Suburbana",
  "estacion_tipo_estacion": "Fondo",
  "estacion_subarea_rural": "No aplica",
  "estacion_direccion_postal": "Polideportivo Cerro del Tel?afo, C/ Juncal (Avda. Los Almendros, 1)",
  "estacion_coord_UTM_ETRS89_x": 453906,
  "estacion_coord_UTM_ETRS89_y": 4467825,
  "estacion_coord_longitud": "03°32'34,3\"W",
  "estacion_coord_latitud": "40°21'35,1\"N",
  "estacion_altitud": 608,
  "estacion_analizador_NO": "Si",
  "estacion_analizador_NO2": "Si",
  "estacion_analizador_PM10": "Si",
  "estacion_analizador_PM2_5": "No",
  "estacion_analizador_PM1": "No",
  "estacion_analizador_O3": "Si",
  "estacion_analizador_O3Q": "No",
  "estacion_analizador_TOL": "No",
  "estacion_analizador_BEN": "No",
  "estacion_analizador_XIL": "No",
  "estacion_analizador_CO": "No",
  "estacion_analizador_SO2": "No",
  "estacion_analizador_HCT": "No",
  "estacion_analizador_HNM": "No"
},
{
  "_id": {
    "$oid": "663e6b09b674e305bc168792"
  },
  "estacion_codigo": 28133002,
  "zona_calidad_aire_descripcion": "Zona 6 Cuenca del Alberche",
  "estacion_municipio": "San Mart?de ValdeigleSias",
  "estacion_fecha_alta": "2006/08/24 00:00:00.000",
  "estacion_tipo_area": "Rural",
  "estacion_tipo_estacion": "Fondo",
  "estacion_subarea_rural": "Regional",
  "estacion_direccion_postal": "C/ Dep??o s/n",
  "estacion_coord_UTM_ETRS89_x": 381298,
  "estacion_coord_UTM_ETRS89_y": 4469516,
  "estacion_coord_longitud": "04°23'53,2\"W",
  "estacion_coord_latitud": "40°22'03,9\"N",
  "estacion_altitud": 549,
  "estacion_analizador_NO": "Si",
  "estacion_analizador_NO2": "Si",
  "estacion_analizador_PM10": "Si",
  "estacion_analizador_PM2_5": "No",
  "estacion_analizador_PM1": "No",
  "estacion_analizador_O3": "Si",
  "estacion_analizador_O3Q": "No",
  "estacion_analizador_TOL": "No",
  "estacion_analizador_BEN": "No",
  "estacion_analizador_XIL": "No",
  "estacion_analizador_CO": "No",
  "estacion_analizador_SO2": "No",
  "estacion_analizador_HCT": "No",
  "estacion_analizador_HNM": "No"
},
{
  "_id": {
    "$oid": "663e6b09b674e305bc168793"
  },
  "estacion_codigo": 28134002,
  "zona_calidad_aire_descripcion": "Zona 2 Aglomeraci??orredor del Henares",
  "estacion_municipio": "San Sebastian de los Reyes",
  "estacion_fecha_alta": "2023/08/10 00:00:00.000",
  "estacion_tipo_area": "Suburbana",
  "estacion_tipo_estacion": "Fondo",
  "estacion_subarea_rural": "No aplica",
  "estacion_direccion_postal": "Polideportivo Municipal Dehesa Boyal (junto al Centro de Naturaleza); Avda. Navarrondan, s/n.",
  "estacion_coord_UTM_ETRS89_x": 446195,
  "estacion_coord_UTM_ETRS89_y": 4491219,
  "estacion_coord_longitud": "03°38'08,4\" W",
  "estacion_coord_latitud": "40°34'11\" N",
  "estacion_altitud": 672,
  "estacion_analizador_NO": "Si",
  "estacion_analizador_NO2": "Si",
  "estacion_analizador_PM10": "Si",
  "estacion_analizador_PM2_5": "No",
  "estacion_analizador_PM1": "No",
  "estacion_analizador_O3": "Si",
  "estacion_analizador_O3Q": "No",
  "estacion_analizador_TOL": "No",
  "estacion_analizador_BEN": "No",
  "estacion_analizador_XIL": "No",
  "estacion_analizador_CO": "No",
  "estacion_analizador_SO2": "No",
  "estacion_analizador_HCT": "No",
  "estacion_analizador_HNM": "No"
},
{
  "_id": {
    "$oid": "663e6b09b674e305bc168794"
  },
  "estacion_codigo": 28148004,
  "zona_calidad_aire_descripcion": "Zona 2 Aglomeraci??orredor del Henares",
  "estacion_municipio": "Torrej??e Ardoz",
  "estacion_fecha_alta": "2005/01/01 00:00:00.000",
  "estacion_tipo_area": "Suburbana",
  "estacion_tipo_estacion": "Fondo",
  "estacion_subarea_rural": "No aplica",
  "estacion_direccion_postal": "Parque del Ocio",
  "estacion_coord_UTM_ETRS89_x": 459497,
  "estacion_coord_UTM_ETRS89_y": 4477763,
  "estacion_coord_longitud": "03°28'39,5\"W",
  "estacion_coord_latitud": "40°26'58,4\"N",
  "estacion_altitud": 597,
  "estacion_analizador_NO": "Si",
  "estacion_analizador_NO2": "Si",
  "estacion_analizador_PM10": "Si",
  "estacion_analizador_PM2_5": "Si",
  "estacion_analizador_PM1": "No",
  "estacion_analizador_O3": "Si",
  "estacion_analizador_O3Q": "No",
  "estacion_analizador_TOL": "No",
  "estacion_analizador_BEN": "No",
  "estacion_analizador_XIL": "No",
  "estacion_analizador_CO": "No",
  "estacion_analizador_SO2": "No",
  "estacion_analizador_HCT": "No",
  "estacion_analizador_HNM": "No"
},
{
  "_id": {
    "$oid": "663e6b09b674e305bc168795"
  },
  "estacion_codigo": 28161001,
  "zona_calidad_aire_descripcion": "Zona 3 Aglomeraci??rbana Sur",
  "estacion_municipio": "Valdemoro",
  "estacion_fecha_alta": "2006/07/27 00:00:00.000",
  "estacion_tipo_area": "Suburbana",
  "estacion_tipo_estacion": "Fondo",
  "estacion_subarea_rural": "No aplica",
  "estacion_direccion_postal": "Colegio Público Pedro Antonio de Alarc??C/ Artemisa, 5",
  "estacion_coord_UTM_ETRS89_x": 442088,
  "estacion_coord_UTM_ETRS89_y": 4448543,
  "estacion_coord_longitud": "03°40'49,0\"W",
  "estacion_coord_latitud": "40°11'06,9\"N",
  "estacion_altitud": 615,
  "estacion_analizador_NO": "Si",
  "estacion_analizador_NO2": "Si",
  "estacion_analizador_PM10": "No",
  "estacion_analizador_PM2_5": "Si",
  "estacion_analizador_PM1": "No",
  "estacion_analizador_O3": "Si",
  "estacion_analizador_O3Q": "No",
  "estacion_analizador_TOL": "No",
  "estacion_analizador_BEN": "No",
  "estacion_analizador_XIL": "No",
  "estacion_analizador_CO": "No",
  "estacion_analizador_SO2": "No",
  "estacion_analizador_HCT": "No",
  "estacion_analizador_HNM": "No"
},
{
  "_id": {
    "$oid": "663e6b09b674e305bc168796"
  },
  "estacion_codigo": 28171001,
  "zona_calidad_aire_descripcion": "Zona 6 Cuenca del Alberche",
  "estacion_municipio": "Villa del Prado",
  "estacion_fecha_alta": "2006/06/14 00:00:00.000",
  "estacion_tipo_area": "Rural",
  "estacion_tipo_estacion": "Fondo",
  "estacion_subarea_rural": "Remota",
  "estacion_direccion_postal": "Hospital Virgen de la Poveda, C/ Alejandro Peris Barrios, km. 5",
  "estacion_coord_UTM_ETRS89_x": 391546,
  "estacion_coord_UTM_ETRS89_y": 4456055,
  "estacion_coord_longitud": "04°16'32,4\"W",
  "estacion_coord_latitud": "40°14'55,4\"N",
  "estacion_altitud": 510,
  "estacion_analizador_NO": "Si",
  "estacion_analizador_NO2": "Si",
  "estacion_analizador_PM10": "Si",
  "estacion_analizador_PM2_5": "Si",
  "estacion_analizador_PM1": "No",
  "estacion_analizador_O3": "Si",
  "estacion_analizador_O3Q": "No",
  "estacion_analizador_TOL": "No",
  "estacion_analizador_BEN": "No",
  "estacion_analizador_XIL": "No",
  "estacion_analizador_CO": "Si",
  "estacion_analizador_SO2": "Si",
  "estacion_analizador_HCT": "No",
  "estacion_analizador_HNM": "No"
},
{
  "_id": {
    "$oid": "663e6b09b674e305bc168797"
  },
  "estacion_codigo": 28180001,
  "zona_calidad_aire_descripcion": "Zona 7 Cuenca del Taju??illarejo de Salvan?2006/04/25 00:00:00.000",
  "estacion_municipio": "Suburbana",
  "estacion_fecha_alta": "Tr?co",
  "estacion_tipo_area": "No aplica",
  "estacion_tipo_estacion": "I.E.S. Nuestra Se?? de la Victoria de Lepanto, C/ Luis de Requesens, 1-3",
  "estacion_subarea_rural": 476441,
  "estacion_direccion_postal": 4446350,
  "estacion_coord_UTM_ETRS89_x": "03°16'36,0\"W",
  "estacion_coord_UTM_ETRS89_y": "40°10'02,0\"N",
  "estacion_coord_longitud": 764,
  "estacion_coord_latitud": "Si",
  "estacion_altitud": "Si",
  "estacion_analizador_NO": "No",
  "estacion_analizador_NO2": "Si",
  "estacion_analizador_PM10": "No",
  "estacion_analizador_PM2_5": "Si",
  "estacion_analizador_PM1": "No",
  "estacion_analizador_O3": "No",
  "estacion_analizador_O3Q": "No",
  "estacion_analizador_TOL": "No",
  "estacion_analizador_BEN": "No",
  "estacion_analizador_XIL": "No",
  "estacion_analizador_CO": "No",
  "estacion_analizador_SO2": "No"
}]