[{"page":1,"pages":1,"per_page":5000,"total":63,"sourceid":"2","lastupdated":"2023-10-26"},[{"indicator":{"id":"SP.POP.TOTL","value":"Population, total"},"country":{"id":"US","value":"United States"},"countryiso3code":"USA","date":"2022","value":333287557,"unit":"","obs_status":"","decimal":0},{"indicator":{"id":"SP.POP.TOTL","value":"Population, total"},"country":{"id":"US","value":"United States"},"countryiso3code":"USA","date":"2021","value":332031554,"unit":"","obs_status":"","decimal":0},{"indicator":{"id":"SP.POP.TOTL","value":"Population, total"},"country":{"id":"US","value":"United States"},"countryiso3code":"USA","date":"2020","value":331511512,"unit":"","obs_status":"","decimal":0},{"indicator":{"id":"SP.POP.TOTL","value":"Population, total"},"country":{"id":"US","value":"United States"},"countryiso3code":"USA","date":"2019","value":328329953,"unit":"","obs_status":"","decimal":0},{"indicator":{"id":"SP.POP.TOTL","value":"Population, total"},"country":{"id":"US","value":"United States"},"countryiso3code":"USA","date":"2018","value":326838199,"unit":"","obs_status":"","decimal":0},{"indicator":{"id":"SP.POP.TOTL","value":"Population, total"},"country":{"id":"US","value":"United States"},"countryiso3code":"USA","date":"2017","value":325122128,"unit":"","obs_status":"","decimal":0},{"indicator":{"id":"SP.POP.TOTL","value":"Population, total"},"country":{"id":"US","value":"United States"},"countryiso3code":"USA","date":"2016","value":323071755,"unit":"","obs_status":"","decimal":0},{"indicator":{"id":"SP.POP.TOTL","value":"Population, total"},"country":{"id":"US","value":"United States"},"countryiso3code":"USA","date":"2015","value":320738994,"unit":"","obs_status":"","decimal":0},{"indicator":{"id":"SP.POP.TOTL","value":"Population, total"},"country":{"id":"US","value":"United States"},"countryiso3code":"USA","date":"2014","value":318386329,"unit":"","obs_status":"","decimal":0},{"indicator":{"id":"SP.POP.TOTL","value":"Population, total"},"country":{"id":"US","value":"United States"},"countryiso3code":"USA","date":"2013","value":316059947,"unit":"","obs_status":"","decimal":0},{"indicator":{"id":"SP.POP.TOTL","value":"Population, total"},"country":{"id":"US","value":"United States"},"countryiso3code":"USA","date":"2012","value":313877662,"unit":"","obs_status":"","decimal":0},{"indicator":{"id":"SP.POP.TOTL","value":"Population, total"},"country":{"id":"US","value":"United States"},"countryiso3code":"USA","date":"2011","value":311583481,"unit":"","obs_status":"","decimal":0},{"indicator":{"id":"SP.POP.TOTL","value":"Population, total"},"country":{"id":"US","value":"United States"},"countryiso3code":"USA","date":"2010","value":309327143,"unit":"","obs_status":"","decimal":0},{"indicator":{"id":"SP.POP.TOTL","value":"Population, total"},"country":{"id":"US","value":"United States"},"countryiso3code":"USA","date":"2009","value":306771529,"unit":"","obs_status":"","decimal":0},{"indicator":{"id":"SP.POP.TOTL","value":"Population, total"},"country":{"id":"US","value":"United States"},"countryiso3code":"USA","date":"2008","value":304093966,"unit":"","obs_status":"","decimal":0},{"indicator":{"id":"SP.POP.TOTL","value":"Population, total"},"country":{"id":"US","value":"United States"},"countryiso3code":"USA","date":"2007","value":301231207,"unit":"","obs_status":"","decimal":0},{"indicator":{"id":"SP.POP.TOTL","value":"Population, total"},"country":{"id":"US","value":"United States"},"countryiso3code":"USA","date":"2006","value":298379912,"unit":"","obs_status":"","decimal":0},{"indicator":{"id":"SP.POP.TOTL","value":"Population, total"},"country":{"id":"US","value":"United States"},"countryiso3code":"USA","date":"2005","value":295516599,"unit":"","obs_status":"","decimal":0},{"indicator":{"id":"SP.POP.TOTL","value":"Population, total"},"country":{"id":"US","value":"United States"},"countryiso3code":"USA","date":"2004","value":292805298,"unit":"","obs_status":"","decimal":0},{"indicator":{"id":"SP.POP.TOTL","value":"Population, total"},"country":{"id":"US","value":"United States"},"countryiso3code":"USA","date":"2003","value":290107933,"unit":"","obs_status":"","decimal":0},{"indicator":{"id":"SP.POP.TOTL","value":"Population, total"},"country":{"id":"US","value":"United States"},"countryiso3code":"USA","date":"2002","value":287625193,"unit":"","obs_status":"","decimal":0},{"indicator":{"id":"SP.POP.TOTL","value":"Population, total"},"country":{"id":"US","value":"United States"},"countryiso3code":"USA","date":"2001","value":284968955,"unit":"","obs_status":"","decimal":0},{"indicator":{"id":"SP.POP.TOTL","value":"Population, total"},"country":{"id":"US","value":"United States"},"countryiso3code":"USA","date":"2000","value":282162411,"unit":"","obs_status":"","decimal":0},{"indicator":{"id":"SP.POP.TOTL","value":"Population, total"},"country":{"id":"US","value":"United States"},"countryiso3code":"USA","date":"1999","value":279040000,"unit":"","obs_status":"","decimal":0},{"indicator":{"id":"SP.POP.TOTL","value":"Population, total"},"country":{"id":"US","value":"United States"},"countryiso3code":"USA","date":"1998","value":275854000,"unit":"","obs_status":"","decimal":0},{"indicator":{"id":"SP.POP.TOTL","value":"Population, total"},"country":{"id":"US","value":"United States"},"countryiso3code":"USA","date":"1997","value":272657000,"unit":"","obs_status":"","decimal":0},{"indicator":{"id":"SP.POP.TOTL","value":"Population, total"},"country":{"id":"US","value":"United States"},"countryiso3code":"USA","date":"1996","value":269394000,"unit":"","obs_status":"","decimal":0},{"indicator":{"id":"SP.POP.TOTL","value":"Population, total"},"country":{"id":"US","value":"United States"},"countryiso3code":"USA","date":"1995","value":266278000,"unit":"","obs_status":"","decimal":0},{"indicator":{"id":"SP.POP.TOTL","value":"Population, total"},"country":{"id":"US","value":"United States"},"countryiso3code":"USA","date":"1994","value":263126000,"unit":"","obs_status":"","decimal":0},{"indicator":{"id":"SP.POP.TOTL","value":"Population, total"},"country":{"id":"US","value":"United States"},"countryiso3code":"USA","date":"1993","value":259919000,"unit":"","obs_status":"","decimal":0},{"indicator":{"id":"SP.POP.TOTL","value":"Population, total"},"country":{"id":"US","value":"United States"},"countryiso3code":"USA","date":"1992","value":256514000,"unit":"","obs_status":"","decimal":0},{"indicator":{"id":"SP.POP.TOTL","value":"Population, total"},"country":{"id":"US","value":"United States"},"countryiso3code":"USA","date":"1991","value":252981000,"unit":"","obs_status":"","decimal":0},{"indicator":{"id":"SP.POP.TOTL","value":"Population, total"},"country":{"id":"US","value":"United States"},"countryiso3code":"USA","date":"1990","value":249623000,"unit":"","obs_status":"","decimal":0},{"indicator":{"id":"SP.POP.TOTL","value":"Population, total"},"country":{"id":"US","value":"United States"},"countryiso3code":"USA","date":"1989","value":246819000,"unit":"","obs_status":"","decimal":0},{"indicator":{"id":"SP.POP.TOTL","value":"Population, total"},"country":{"id":"US","value":"United States"},"countryiso3code":"USA","date":"1988","value":244499000,"unit":"","obs_status":"","decimal":0},{"indicator":{"id":"SP.POP.TOTL","value":"Population, total"},"country":{"id":"US","value":"United States"},"countryiso3code":"USA","date":"1987","value":242289000,"unit":"","obs_status":"","decimal":0},{"indicator":{"id":"SP.POP.TOTL","value":"Population, total"},"country":{"id":"US","value":"United States"},"countryiso3code":"USA","date":"1986","value":240133000,"unit":"","obs_status":"","decimal":0},{"indicator":{"id":"SP.POP.TOTL","value":"Population, total"},"country":{"id":"US","value":"United States"},"countryiso3code":"USA","date":"1985","value":237924000,"unit":"","obs_status":"","decimal":0},{"indicator":{"id":"SP.POP.TOTL","value":"Population, total"},"country":{"id":"US","value":"United States"},"countryiso3code":"USA","date":"1984","value":235825000,"unit":"","obs_status":"","decimal":0},{"indicator":{"id":"SP.POP.TOTL","value":"Population, total"},"country":{"id":"US","value":"United States"},"countryiso3code":"USA","date":"1983","value":233792000,"unit":"","obs_status":"","decimal":0},{"indicator":{"id":"SP.POP.TOTL","value":"Population, total"},"country":{"id":"US","value":"United States"},"countryiso3code":"USA","date":"1982","value":231664000,"unit":"","obs_status":"","decimal":0},{"indicator":{"id":"SP.POP.TOTL","value":"Population, total"},"country":{"id":"US","value":"United States"},"countryiso3code":"USA","date":"1981","value":229466000,"unit":"","obs_status":"","decimal":0},{"indicator":{"id":"SP.POP.TOTL","value":"Population, total"},"country":{"id":"US","value":"United States"},"countryiso3code":"USA","date":"1980","value":227225000,"unit":"","obs_status":"","decimal":0},{"indicator":{"id":"SP.POP.TOTL","value":"Population, total"},"country":{"id":"US","value":"United States"},"countryiso3code":"USA","date":"1979","value":225055000,"unit":"","obs_status":"","decimal":0},{"indicator":{"id":"SP.POP.TOTL","value":"Population, total"},"country":{"id":"US","value":"United States"},"countryiso3code":"USA","date":"1978","value":222585000,"unit":"","obs_status":"","decimal":0},{"indicator":{"id":"SP.POP.TOTL","value":"Population, total"},"country":{"id":"US","value":"United States"},"countryiso3code":"USA","date":"1977","value":220239000,"unit":"","obs_status":"","decimal":0},{"indicator":{"id":"SP.POP.TOTL","value":"Population, total"},"country":{"id":"US","value":"United States"},"countryiso3code":"USA","date":"1976","value":218035000,"unit":"","obs_status":"","decimal":0},{"indicator":{"id":"SP.POP.TOTL","value":"Population, total"},"country":{"id":"US","value":"United States"},"countryiso3code":"USA","date":"1975","value":215973000,"unit":"","obs_status":"","decimal":0},{"indicator":{"id":"SP.POP.TOTL","value":"Population, total"},"country":{"id":"US","value":"United States"},"countryiso3code":"USA","date":"1974","value":213854000,"unit":"","obs_status":"","decimal":0},{"indicator":{"id":"SP.POP.TOTL","value":"Population, total"},"country":{"id":"US","value":"United States"},"countryiso3code":"USA","date":"1973","value":211909000,"unit":"","obs_status":"","decimal":0},{"indicator":{"id":"SP.POP.TOTL","value":"Population, total"},"country":{"id":"US","value":"United States"},"countryiso3code":"USA","date":"1972","value":209896000,"unit":"","obs_status":"","decimal":0},{"indicator":{"id":"SP.POP.TOTL","value":"Population, total"},"country":{"id":"US","value":"United States"},"countryiso3code":"USA","date":"1971","value":207661000,"unit":"","obs_status":"","decimal":0},{"indicator":{"id":"SP.POP.TOTL","value":"Population, total"},"country":{"id":"US","value":"United States"},"countryiso3code":"USA","date":"1970","value":205052000,"unit":"","obs_status":"","decimal":0},{"indicator":{"id":"SP.POP.TOTL","value":"Population, total"},"country":{"id":"US","value":"United States"},"countryiso3code":"USA","date":"1969","value":202677000,"unit":"","obs_status":"","decimal":0},{"indicator":{"id":"SP.POP.TOTL","value":"Population, total"},"country":{"id":"US","value":"United States"},"countryiso3code":"USA","date":"1968","value":200706000,"unit":"","obs_status":"","decimal":0},{"indicator":{"id":"SP.POP.TOTL","value":"Population, total"},"country":{"id":"US","value":"United States"},"countryiso3code":"USA","date":"1967","value":198712000,"unit":"","obs_status":"","decimal":0},{"indicator":{"id":"SP.POP.TOTL","value":"Population, total"},"country":{"id":"US","value":"United States"},"countryiso3code":"USA","date":"1966","value":196560000,"unit":"","obs_status":"","decimal":0},{"indicator":{"id":"SP.POP.TOTL","value":"Population, total"},"country":{"id":"US","value":"United States"},"countryiso3code":"USA","date":"1965","value":194303000,"unit":"","obs_status":"","decimal":0},{"indicator":{"id":"SP.POP.TOTL","value":"Population, total"},"country":{"id":"US","value":"United States"},"countryiso3code":"USA","date":"1964","value":191889000,"unit":"","obs_status":"","decimal":0},{"indicator":{"id":"SP.POP.TOTL","value":"Population, total"},"country":{"id":"US","value":"United States"},"countryiso3code":"USA","date":"1963","value":189242000,"unit":"","obs_status":"","decimal":0},{"indicator":{"id":"SP.POP.TOTL","value":"Population, total"},"country":{"id":"US","value":"United States"},"countryiso3code":"USA","date":"1962","value":186538000,"unit":"","obs_status":"","decimal":0},{"indicator":{"id":"SP.POP.TOTL","value":"Population, total"},"country":{"id":"US","value":"United States"},"countryiso3code":"USA","date":"1961","value":183691000,"unit":"","obs_status":"","decimal":0},{"indicator":{"id":"SP.POP.TOTL","value":"Population, total"},"country":{"id":"US","value":"United States"},"countryiso3code":"USA","date":"1960","value":180671000,"unit":"","obs_status":"","decimal":0}]]