{"id":216,"url":"https://www.tvmaze.com/shows/216/rick-and-morty","name":"Rick and Morty","type":"Animation","language":"English","genres":["Comedy","Adventure","Science-Fiction"],"status":"Running","runtime":30,"averageRuntime":30,"premiered":"2013-12-02","ended":null,"officialSite":"http://www.adultswim.com/videos/rick-and-morty","schedule":{"time":"23:00","days":["Sunday"]},"rating":{"average":8.8},"weight":100,"network":{"id":10,"name":"Adult Swim","country":{"name":"United States","code":"US","timezone":"America/New_York"},"officialSite":"https://www.adultswim.com/"},"webChannel":null,"dvdCountry":null,"externals":{"tvrage":33381,"thetvdb":275274,"imdb":"tt2861424"},"image":{"medium":"https://static.tvmaze.com/uploads/images/medium_portrait/477/1194843.jpg","original":"https://static.tvmaze.com/uploads/images/original_untouched/477/1194843.jpg"},"summary":"<p>Rick is a mentally gifted, but sociopathic and alcoholic scientist and a grandfather to Morty; an awkward, impressionable, and somewhat spineless teenage boy. Rick moves into the family home of Morty, where he immediately becomes a bad influence.</p>","updated":1699899740,"_links":{"self":{"href":"https://api.tvmaze.com/shows/216"},"previousepisode":{"href":"https://api.tvmaze.com/episodes/2667018"},"nextepisode":{"href":"https://api.tvmaze.com/episodes/2667019"}},"_embedded":{"episodes":[{"id":14308,"url":"https://www.tvmaze.com/episodes/14308/rick-and-morty-1x01-pilot","name":"Pilot","season":1,"number":1,"type":"regular","airdate":"2013-12-02","airtime":"22:30","airstamp":"2013-12-03T03:30:00+00:00","runtime":30,"rating":{"average":8.3},"image":{"medium":"https://static.tvmaze.com/uploads/images/medium_landscape/292/730352.jpg","original":"https://static.tvmaze.com/uploads/images/original_untouched/292/730352.jpg"},"summary":"<p>Rick takes Morty to another dimension to get some seeds for him but Morty's parents are considering to put Rick in a retirement home for keeping Morty away from school to help him in his lab.</p>","_links":{"self":{"href":"https://api.tvmaze.com/episodes/14308"},"show":{"href":"https://api.tvmaze.com/shows/216"}}},{"id":14309,"url":"https://www.tvmaze.com/episodes/14309/rick-and-morty-1x02-lawnmower-dog","name":"Lawnmower Dog","season":1,"number":2,"type":"regular","airdate":"2013-12-09","airtime":"22:30","airstamp":"2013-12-10T03:30:00+00:00","runtime":30,"rating":{"average":8.8},"image":{"medium":"https://static.tvmaze.com/uploads/images/medium_landscape/292/730780.jpg","original":"https://static.tvmaze.com/uploads/images/original_untouched/292/730780.jpg"},"summary":"<p>Morty's small, white dog Snuffles gets on the nerves of the family, so Rick quickly builds a knowledge enhancing helmet for the dog. In the meantime, Rick and Morty decide to incept the dreams of Morty's math teacher, Mr. Goldenfold in order to convince him to give Morty A's in math. While the duo are sent on an epic dream world journey, Snuffles slowly gains sentience, which leads to a slew of even more problems.</p>","_links":{"self":{"href":"https://api.tvmaze.com/episodes/14309"},"show":{"href":"https://api.tvmaze.com/shows/216"}}},{"id":14310,"url":"https://www.tvmaze.com/episodes/14310/rick-and-morty-1x03-anatomy-park","name":"Anatomy Park","season":1,"number":3,"type":"regular","airdate":"2013-12-16","airtime":"22:30","airstamp":"2013-12-17T03:30:00+00:00","runtime":30,"rating":{"average":8.6},"image":{"medium":"https://static.tvmaze.com/uploads/images/medium_landscape/15/37914.jpg","original":"https://static.tvmaze.com/uploads/images/original_untouched/15/37914.jpg"},"summary":"<p>It's around Christmas time and Jerry's parents are coming to visit so he wants everybody to have a normal holiday without technology and without Rick. Fortunately for him, Rick has other plans, involving building a molecular theme park inside of a friend of his named Ruben, and he shrinks down Morty and sends him in there to test it out.</p>","_links":{"self":{"href":"https://api.tvmaze.com/episodes/14310"},"show":{"href":"https://api.tvmaze.com/shows/216"}}},{"id":14311,"url":"https://www.tvmaze.com/episodes/14311/rick-and-morty-1x04-m-night-shaym-aliens","name":"M. Night Shaym-Aliens!","season":1,"number":4,"type":"regular","airdate":"2014-01-13","airtime":"22:30","airstamp":"2014-01-14T03:30:00+00:00","runtime":30,"rating":{"average":8.7},"image":{"medium":"https://static.tvmaze.com/uploads/images/medium_landscape/15/37915.jpg","original":"https://static.tvmaze.com/uploads/images/original_untouched/15/37915.jpg"},"summary":"<p>Aliens send Rick, Morty and Jerry into an alternate reality, and Rick tries to get them out as oblivious Jerry pitches a marketing slogan for apples.</p>","_links":{"self":{"href":"https://api.tvmaze.com/episodes/14311"},"show":{"href":"https://api.tvmaze.com/shows/216"}}},{"id":14312,"url":"https://www.tvmaze.com/episodes/14312/rick-and-morty-1x05-meeseeks-and-destroy","name":"Meeseeks and Destroy","season":1,"number":5,"type":"regular","airdate":"2014-01-20","airtime":"22:30","airstamp":"2014-01-21T03:30:00+00:00","runtime":30,"rating":{"average":8.6},"image":{"medium":"https://static.tvmaze.com/uploads/images/medium_landscape/15/37916.jpg","original":"https://static.tvmaze.com/uploads/images/original_untouched/15/37916.jpg"},"summary":"<p>Morty has grown weary of Rick's shenanigans, so he leads a supposedly safer adventure. Jerry conjures weird creatures to help him with his golf game.</p>","_links":{"self":{"href":"https://api.tvmaze.com/episodes/14312"},"show":{"href":"https://api.tvmaze.com/shows/216"}}},{"id":14313,"url":"https://www.tvmaze.com/episodes/14313/rick-and-morty-1x06-rick-potion-9","name":"Rick Potion #9","season":1,"number":6,"type":"regular","airdate":"2014-01-27","airtime":"22:30","airstamp":"2014-01-28T03:30:00+00:00","runtime":30,"rating":{"average":8.7},"image":{"medium":"https://static.tvmaze.com/uploads/images/medium_landscape/15/37917.jpg","original":"https://static.tvmaze.com/uploads/images/original_untouched/15/37917.jpg"},"summary":"<p>Rick provides Morty with a love potion to get Jessica. The serum backfires &amp; Rick's attempt to fix things creates Cronenberg inspired monsters. Rick is okay with it but Morty feels partly responsible for creating a living nightmare.</p>","_links":{"self":{"href":"https://api.tvmaze.com/episodes/14313"},"show":{"href":"https://api.tvmaze.com/shows/216"}}},{"id":14314,"url":"https://www.tvmaze.com/episodes/14314/rick-and-morty-1x07-raising-gazorpazorp","name":"Raising Gazorpazorp","season":1,"number":7,"type":"regular","airdate":"2014-03-10","airtime":"22:30","airstamp":"2014-03-11T02:30:00+00:00","runtime":30,"rating":{"average":8.3},"image":{"medium":"https://static.tvmaze.com/uploads/images/medium_landscape/15/37918.jpg","original":"https://static.tvmaze.com/uploads/images/original_untouched/15/37918.jpg"},"summary":"<p>After Morty fathers a child with a sex robot, Rick and Summer visit the robot's planet, where the kid grows into an adult within days.</p>","_links":{"self":{"href":"https://api.tvmaze.com/episodes/14314"},"show":{"href":"https://api.tvmaze.com/shows/216"}}},{"id":14315,"url":"https://www.tvmaze.com/episodes/14315/rick-and-morty-1x08-rixty-minutes","name":"Rixty Minutes","season":1,"number":8,"type":"regular","airdate":"2014-03-17","airtime":"22:30","airstamp":"2014-03-18T02:30:00+00:00","runtime":30,"rating":{"average":9},"image":{"medium":"https://static.tvmaze.com/uploads/images/medium_landscape/15/37919.jpg","original":"https://static.tvmaze.com/uploads/images/original_untouched/15/37919.jpg"},"summary":"<p>When Rick hooks up the family's tv receiver with reality-tv shows from alternate dimensions, and allows them to see themselves in different versions of their lives, they begin to wonder what they have, and more importantly - what could have been.</p>","_links":{"self":{"href":"https://api.tvmaze.com/episodes/14315"},"show":{"href":"https://api.tvmaze.com/shows/216"}}},{"id":14316,"url":"https://www.tvmaze.com/episodes/14316/rick-and-morty-1x09-something-ricked-this-way-comes","name":"Something Ricked This Way Comes","season":1,"number":9,"type":"regular","airdate":"2014-03-24","airtime":"22:30","airstamp":"2014-03-25T02:30:00+00:00","runtime":30,"rating":{"average":8.7},"image":{"medium":"https://static.tvmaze.com/uploads/images/medium_landscape/15/37920.jpg","original":"https://static.tvmaze.com/uploads/images/original_untouched/15/37920.jpg"},"summary":"<p>Rick is skeptical of Summer's new job at a shop run by the devil. Jerry and Morty argue about Pluto's status as a planet and end up traveling there.</p>","_links":{"self":{"href":"https://api.tvmaze.com/episodes/14316"},"show":{"href":"https://api.tvmaze.com/shows/216"}}},{"id":14317,"url":"https://www.tvmaze.com/episodes/14317/rick-and-morty-1x10-close-rick-counters-of-the-rick-kind","name":"Close Rick-Counters of the Rick Kind","season":1,"number":10,"type":"regular","airdate":"2014-04-07","airtime":"22:30","airstamp":"2014-04-08T02:30:00+00:00","runtime":30,"rating":{"average":9.1},"image":{"medium":"https://static.tvmaze.com/uploads/images/medium_landscape/15/37921.jpg","original":"https://static.tvmaze.com/uploads/images/original_untouched/15/37921.jpg"},"summary":"<p>Rick's just trying to enjoy a nice breakfast, but he's kidnapped by a group of alternate Ricks and taken to stand trial for crimes against Ricks.</p>","_links":{"self":{"href":"https://api.tvmaze.com/episodes/14317"},"show":{"href":"https://api.tvmaze.com/shows/216"}}},{"id":14318,"url":"https://www.tvmaze.com/episodes/14318/rick-and-morty-1x11-ricksy-business","name":"Ricksy Business","season":1,"number":11,"type":"regular","airdate":"2014-04-14","airtime":"22:30","airstamp":"2014-04-15T02:30:00+00:00","runtime":30,"rating":{"average":8.5},"image":{"medium":"https://static.tvmaze.com/uploads/images/medium_landscape/15/37922.jpg","original":"https://static.tvmaze.com/uploads/images/original_untouched/15/37922.jpg"},"summary":"<p>When Jerry and Beth go away to take part in a re-creation of the sinking of the Titanic, Rick and Summer throw a party that gets out of control.</p>","_links":{"self":{"href":"https://api.tvmaze.com/episodes/14318"},"show":{"href":"https://api.tvmaze.com/shows/216"}}},{"id":157166,"url":"https://www.tvmaze.com/episodes/157166/rick-and-morty-2x01-a-rickle-in-time","name":"A Rickle in Time","season":2,"number":1,"type":"regular","airdate":"2015-07-26","airtime":"23:30","airstamp":"2015-07-27T03:30:00+00:00","runtime":30,"rating":{"average":8.9},"image":{"medium":"https://static.tvmaze.com/uploads/images/medium_landscape/15/37923.jpg","original":"https://static.tvmaze.com/uploads/images/original_untouched/15/37923.jpg"},"summary":"<p>Rick unfreezes time, but since he, Morty and Summer have been living for so long on frozen time, a parallel dimension develops.</p>","_links":{"self":{"href":"https://api.tvmaze.com/episodes/157166"},"show":{"href":"https://api.tvmaze.com/shows/216"}}},{"id":183053,"url":"https://www.tvmaze.com/episodes/183053/rick-and-morty-2x02-mortynight-run","name":"Mortynight Run","season":2,"number":2,"type":"regular","airdate":"2015-08-02","airtime":"23:30","airstamp":"2015-08-03T03:30:00+00:00","runtime":30,"rating":{"average":9},"image":{"medium":"https://static.tvmaze.com/uploads/images/medium_landscape/15/37924.jpg","original":"https://static.tvmaze.com/uploads/images/original_untouched/15/37924.jpg"},"summary":"<p>Morty tries to save a life.</p>","_links":{"self":{"href":"https://api.tvmaze.com/episodes/183053"},"show":{"href":"https://api.tvmaze.com/shows/216"}}},{"id":201178,"url":"https://www.tvmaze.com/episodes/201178/rick-and-morty-2x03-auto-erotic-assimilation","name":"Auto Erotic Assimilation","season":2,"number":3,"type":"regular","airdate":"2015-08-09","airtime":"23:30","airstamp":"2015-08-10T03:30:00+00:00","runtime":30,"rating":{"average":8.9},"image":{"medium":"https://static.tvmaze.com/uploads/images/medium_landscape/15/37925.jpg","original":"https://static.tvmaze.com/uploads/images/original_untouched/15/37925.jpg"},"summary":"<p>Rick becomes emotional; Beth and Jerry are hard on each other.</p>","_links":{"self":{"href":"https://api.tvmaze.com/episodes/201178"},"show":{"href":"https://api.tvmaze.com/shows/216"}}},{"id":201179,"url":"https://www.tvmaze.com/episodes/201179/rick-and-morty-2x04-total-rickall","name":"Total Rickall","season":2,"number":4,"type":"regular","airdate":"2015-08-16","airtime":"23:30","airstamp":"2015-08-17T03:30:00+00:00","runtime":30,"rating":{"average":9.2},"image":{"medium":"https://static.tvmaze.com/uploads/images/medium_landscape/15/38412.jpg","original":"https://static.tvmaze.com/uploads/images/original_untouched/15/38412.jpg"},"summary":"<p>Meeting new friends; Morty goes ballistic.</p>","_links":{"self":{"href":"https://api.tvmaze.com/episodes/201179"},"show":{"href":"https://api.tvmaze.com/shows/216"}}},{"id":201180,"url":"https://www.tvmaze.com/episodes/201180/rick-and-morty-2x05-get-schwifty","name":"Get Schwifty","season":2,"number":5,"type":"regular","airdate":"2015-08-23","airtime":"23:30","airstamp":"2015-08-24T03:30:00+00:00","runtime":30,"rating":{"average":8.2},"image":{"medium":"https://static.tvmaze.com/uploads/images/medium_landscape/15/39536.jpg","original":"https://static.tvmaze.com/uploads/images/original_untouched/15/39536.jpg"},"summary":"<p>Rick and Morty must step up and save things; a new religion starts up.</p>","_links":{"self":{"href":"https://api.tvmaze.com/episodes/201180"},"show":{"href":"https://api.tvmaze.com/shows/216"}}},{"id":201181,"url":"https://www.tvmaze.com/episodes/201181/rick-and-morty-2x06-the-ricks-must-be-crazy","name":"The Ricks Must Be Crazy","season":2,"number":6,"type":"regular","airdate":"2015-08-30","airtime":"23:30","airstamp":"2015-08-31T03:30:00+00:00","runtime":30,"rating":{"average":9.2},"image":{"medium":"https://static.tvmaze.com/uploads/images/medium_landscape/68/171025.jpg","original":"https://static.tvmaze.com/uploads/images/original_untouched/68/171025.jpg"},"summary":"<p>Rick forgets to check his oil, and must repair his car.</p>","_links":{"self":{"href":"https://api.tvmaze.com/episodes/201181"},"show":{"href":"https://api.tvmaze.com/shows/216"}}},{"id":211831,"url":"https://www.tvmaze.com/episodes/211831/rick-and-morty-2x07-big-trouble-in-little-sanchez","name":"Big Trouble in Little Sanchez","season":2,"number":7,"type":"regular","airdate":"2015-09-13","airtime":"23:30","airstamp":"2015-09-14T03:30:00+00:00","runtime":30,"rating":{"average":8.6},"image":{"medium":"https://static.tvmaze.com/uploads/images/medium_landscape/18/46223.jpg","original":"https://static.tvmaze.com/uploads/images/original_untouched/18/46223.jpg"},"summary":"<p>Rick joins in on hijinks, Beth and Jerry sort out relationship issues.</p>","_links":{"self":{"href":"https://api.tvmaze.com/episodes/211831"},"show":{"href":"https://api.tvmaze.com/shows/216"}}},{"id":211832,"url":"https://www.tvmaze.com/episodes/211832/rick-and-morty-2x08-interdimensional-cable-2-tempting-fate","name":"Interdimensional Cable 2: Tempting Fate","season":2,"number":8,"type":"regular","airdate":"2015-09-20","airtime":"23:30","airstamp":"2015-09-21T03:30:00+00:00","runtime":30,"rating":{"average":7.9},"image":{"medium":"https://static.tvmaze.com/uploads/images/medium_landscape/68/171026.jpg","original":"https://static.tvmaze.com/uploads/images/original_untouched/68/171026.jpg"},"summary":"<p>Jerry gets sick and Rick sparks up the TV.</p>","_links":{"self":{"href":"https://api.tvmaze.com/episodes/211832"},"show":{"href":"https://api.tvmaze.com/shows/216"}}},{"id":211833,"url":"https://www.tvmaze.com/episodes/211833/rick-and-morty-2x09-look-whos-purging-now","name":"Look Who's Purging Now","season":2,"number":9,"type":"regular","airdate":"2015-09-27","airtime":"23:30","airstamp":"2015-09-28T03:30:00+00:00","runtime":30,"rating":{"average":8.6},"image":{"medium":"https://static.tvmaze.com/uploads/images/medium_landscape/300/751727.jpg","original":"https://static.tvmaze.com/uploads/images/original_untouched/300/751727.jpg"},"summary":"<p>Rick and Morty land on a planet where all the citizens are allowed to commit crimes -- including murder -- without punishment for one night.</p>","_links":{"self":{"href":"https://api.tvmaze.com/episodes/211833"},"show":{"href":"https://api.tvmaze.com/shows/216"}}},{"id":211834,"url":"https://www.tvmaze.com/episodes/211834/rick-and-morty-2x10-the-wedding-squanchers","name":"The Wedding Squanchers","season":2,"number":10,"type":"regular","airdate":"2015-10-04","airtime":"23:30","airstamp":"2015-10-05T03:30:00+00:00","runtime":30,"rating":{"average":9},"image":{"medium":"https://static.tvmaze.com/uploads/images/medium_landscape/307/769086.jpg","original":"https://static.tvmaze.com/uploads/images/original_untouched/307/769086.jpg"},"summary":"<p>When Jerry accidentally gets transported to the planet hosting Birdperson and Tammy's wedding, the whole family attends the ill-fated ceremony.</p>","_links":{"self":{"href":"https://api.tvmaze.com/episodes/211834"},"show":{"href":"https://api.tvmaze.com/shows/216"}}},{"id":1119144,"url":"https://www.tvmaze.com/episodes/1119144/rick-and-morty-3x01-the-rickshank-rickdemption","name":"The Rickshank Rickdemption","season":3,"number":1,"type":"regular","airdate":"2017-04-01","airtime":"23:30","airstamp":"2017-04-02T03:30:00+00:00","runtime":30,"rating":{"average":9.1},"image":{"medium":"https://static.tvmaze.com/uploads/images/medium_landscape/105/262759.jpg","original":"https://static.tvmaze.com/uploads/images/original_untouched/105/262759.jpg"},"summary":"<p>Rick, still in galactic prison, puts an intricate escape plan into action. Back on Earth, which is now under federation control, Morty and Summer have an argument about their grandpa.</p>","_links":{"self":{"href":"https://api.tvmaze.com/episodes/1119144"},"show":{"href":"https://api.tvmaze.com/shows/216"}}},{"id":1144079,"url":"https://www.tvmaze.com/episodes/1144079/rick-and-morty-3x02-rickmancing-the-stone","name":"Rickmancing the Stone","season":3,"number":2,"type":"regular","airdate":"2017-07-30","airtime":"23:30","airstamp":"2017-07-31T03:30:00+00:00","runtime":30,"rating":{"average":8.1},"image":{"medium":"https://static.tvmaze.com/uploads/images/medium_landscape/122/306764.jpg","original":"https://static.tvmaze.com/uploads/images/original_untouched/122/306764.jpg"},"summary":"<p>With the kids dealing with their parents' divorce, Rick takes them to a Mad Max-style universe where he tries to steal a green crystal from a group of scavengers.</p>","_links":{"self":{"href":"https://api.tvmaze.com/episodes/1144079"},"show":{"href":"https://api.tvmaze.com/shows/216"}}},{"id":1247370,"url":"https://www.tvmaze.com/episodes/1247370/rick-and-morty-3x03-pickle-rick","name":"Pickle Rick","season":3,"number":3,"type":"regular","airdate":"2017-08-06","airtime":"23:30","airstamp":"2017-08-07T03:30:00+00:00","runtime":24,"rating":{"average":8.7},"image":{"medium":"https://static.tvmaze.com/uploads/images/medium_landscape/123/308859.jpg","original":"https://static.tvmaze.com/uploads/images/original_untouched/123/308859.jpg"},"summary":"<p>Rick turns himself into a pickle while the rest of the family goes to therapy. Now Rick has to figure out how to stop being a pickle.</p>","_links":{"self":{"href":"https://api.tvmaze.com/episodes/1247370"},"show":{"href":"https://api.tvmaze.com/shows/216"}}},{"id":1247371,"url":"https://www.tvmaze.com/episodes/1247371/rick-and-morty-3x04-vindicators-3-the-return-of-worldender","name":"Vindicators 3: The Return of Worldender","season":3,"number":4,"type":"regular","airdate":"2017-08-13","airtime":"23:30","airstamp":"2017-08-14T03:30:00+00:00","runtime":30,"rating":{"average":8.3},"image":{"medium":"https://static.tvmaze.com/uploads/images/medium_landscape/123/309507.jpg","original":"https://static.tvmaze.com/uploads/images/original_untouched/123/309507.jpg"},"summary":"<p>While ostensibly helping a group of superheroes called the Vindicators, Rick instead drunkenly sets up a \"Saw\"-like scenario for them to navigate.</p>","_links":{"self":{"href":"https://api.tvmaze.com/episodes/1247371"},"show":{"href":"https://api.tvmaze.com/shows/216"}}},{"id":1264543,"url":"https://www.tvmaze.com/episodes/1264543/rick-and-morty-3x05-the-whirly-dirly-conspiracy","name":"The Whirly Dirly Conspiracy","season":3,"number":5,"type":"regular","airdate":"2017-08-20","airtime":"23:30","airstamp":"2017-08-21T03:30:00+00:00","runtime":30,"rating":{"average":8.2},"image":{"medium":"https://static.tvmaze.com/uploads/images/medium_landscape/124/310725.jpg","original":"https://static.tvmaze.com/uploads/images/original_untouched/124/310725.jpg"},"summary":"<p>Rick takes Jerry on a sympathy adventure to a resort where everyone is immortal when there, and Jerry meets some old acquaintances of Rick's who want payback.</p>","_links":{"self":{"href":"https://api.tvmaze.com/episodes/1264543"},"show":{"href":"https://api.tvmaze.com/shows/216"}}},{"id":1264544,"url":"https://www.tvmaze.com/episodes/1264544/rick-and-morty-3x06-rest-and-ricklaxation","name":"Rest and Ricklaxation","season":3,"number":6,"type":"regular","airdate":"2017-08-27","airtime":"23:30","airstamp":"2017-08-28T03:30:00+00:00","runtime":30,"rating":{"average":8.5},"image":{"medium":"https://static.tvmaze.com/uploads/images/medium_landscape/125/314281.jpg","original":"https://static.tvmaze.com/uploads/images/original_untouched/125/314281.jpg"},"summary":"<p>After another exhausting adventure, Rick and Morty decide they need a vacation. But things go a little haywire when they try a special detox machine.</p>","_links":{"self":{"href":"https://api.tvmaze.com/episodes/1264544"},"show":{"href":"https://api.tvmaze.com/shows/216"}}},{"id":1269493,"url":"https://www.tvmaze.com/episodes/1269493/rick-and-morty-3x07-the-ricklantis-mixup","name":"The Ricklantis Mixup","season":3,"number":7,"type":"regular","airdate":"2017-09-10","airtime":"23:30","airstamp":"2017-09-11T03:30:00+00:00","runtime":30,"rating":{"average":9},"image":{"medium":"https://static.tvmaze.com/uploads/images/medium_landscape/127/318431.jpg","original":"https://static.tvmaze.com/uploads/images/original_untouched/127/318431.jpg"},"summary":"<p>Rick and Morty encounter a visiting Rick and Morty from the Citadel of Ricks before heading off on an amazing adventure to Atlantis.</p>","_links":{"self":{"href":"https://api.tvmaze.com/episodes/1269493"},"show":{"href":"https://api.tvmaze.com/shows/216"}}},{"id":1269494,"url":"https://www.tvmaze.com/episodes/1269494/rick-and-morty-3x08-mortys-mind-blowers","name":"Morty's Mind Blowers","season":3,"number":8,"type":"regular","airdate":"2017-09-17","airtime":"23:30","airstamp":"2017-09-18T03:30:00+00:00","runtime":30,"rating":{"average":8.6},"image":{"medium":"https://static.tvmaze.com/uploads/images/medium_landscape/128/320259.jpg","original":"https://static.tvmaze.com/uploads/images/original_untouched/128/320259.jpg"},"summary":"<p>Rick shows Morty a room filled with memories Morty begged him to remove from his mind, and things go off the rails when Rick starts restoring them.</p>","_links":{"self":{"href":"https://api.tvmaze.com/episodes/1269494"},"show":{"href":"https://api.tvmaze.com/shows/216"}}},{"id":1285112,"url":"https://www.tvmaze.com/episodes/1285112/rick-and-morty-3x09-the-abcs-of-beth","name":"The ABC's of Beth","season":3,"number":9,"type":"regular","airdate":"2017-09-24","airtime":"23:30","airstamp":"2017-09-25T03:30:00+00:00","runtime":30,"rating":{"average":8.1},"image":{"medium":"https://static.tvmaze.com/uploads/images/medium_landscape/128/322458.jpg","original":"https://static.tvmaze.com/uploads/images/original_untouched/128/322458.jpg"},"summary":"<p>Rick and Beth sort out issues from her childhood by visiting a world called Froopyland. Morty and Summer are a little wary of Jerry's new girlfriend.</p>","_links":{"self":{"href":"https://api.tvmaze.com/episodes/1285112"},"show":{"href":"https://api.tvmaze.com/shows/216"}}},{"id":1285113,"url":"https://www.tvmaze.com/episodes/1285113/rick-and-morty-3x10-the-rickchurian-mortydate","name":"The Rickchurian Mortydate","season":3,"number":10,"type":"regular","airdate":"2017-10-01","airtime":"23:30","airstamp":"2017-10-02T03:30:00+00:00","runtime":30,"rating":{"average":8.1},"image":{"medium":"https://static.tvmaze.com/uploads/images/medium_landscape/129/324378.jpg","original":"https://static.tvmaze.com/uploads/images/original_untouched/129/324378.jpg"},"summary":"<p>The president needs help from Rick and Morty, prompting a bit of a confrontation. Beth begins to suspect that she may be a clone.</p>","_links":{"self":{"href":"https://api.tvmaze.com/episodes/1285113"},"show":{"href":"https://api.tvmaze.com/shows/216"}}},{"id":1729610,"url":"https://www.tvmaze.com/episodes/1729610/rick-and-morty-4x01-edge-of-tomorty-rick-die-rickpeat","name":"Edge of Tomorty: Rick, Die, Rickpeat","season":4,"number":1,"type":"regular","airdate":"2019-11-10","airtime":"23:30","airstamp":"2019-11-11T04:30:00+00:00","runtime":30,"rating":{"average":8.2},"image":{"medium":"https://static.tvmaze.com/uploads/images/medium_landscape/221/553800.jpg","original":"https://static.tvmaze.com/uploads/images/original_untouched/221/553800.jpg"},"summary":"<p>Rick brings Morty to a planet containing crystals that show whoever is touching them all the ways they may die depending on their choices.</p>","_links":{"self":{"href":"https://api.tvmaze.com/episodes/1729610"},"show":{"href":"https://api.tvmaze.com/shows/216"}}},{"id":1751878,"url":"https://www.tvmaze.com/episodes/1751878/rick-and-morty-4x02-the-old-man-and-the-seat","name":"The Old Man and the Seat","season":4,"number":2,"type":"regular","airdate":"2019-11-17","airtime":"23:30","airstamp":"2019-11-18T04:30:00+00:00","runtime":30,"rating":{"average":7.6},"image":{"medium":"https://static.tvmaze.com/uploads/images/medium_landscape/224/561992.jpg","original":"https://static.tvmaze.com/uploads/images/original_untouched/224/561992.jpg"},"summary":"<p>Jerry develops an app at the request of a persistent alien with a \"Do Not Develop My App\" forehead tattoo. A determined Rick tracks a mystery pooper.</p>","_links":{"self":{"href":"https://api.tvmaze.com/episodes/1751878"},"show":{"href":"https://api.tvmaze.com/shows/216"}}},{"id":1751879,"url":"https://www.tvmaze.com/episodes/1751879/rick-and-morty-4x03-one-crew-over-the-crewcoos-morty","name":"One Crew Over the Crewcoo's Morty","season":4,"number":3,"type":"regular","airdate":"2019-11-24","airtime":"23:30","airstamp":"2019-11-25T04:30:00+00:00","runtime":30,"rating":{"average":7.8},"image":{"medium":"https://static.tvmaze.com/uploads/images/medium_landscape/227/568855.jpg","original":"https://static.tvmaze.com/uploads/images/original_untouched/227/568855.jpg"},"summary":"<p>Rick assembles a crew to break into a heist convention, then needs another crew to stop a heist-planning robot. And Morty writes a heist script.</p>","_links":{"self":{"href":"https://api.tvmaze.com/episodes/1751879"},"show":{"href":"https://api.tvmaze.com/shows/216"}}},{"id":1751880,"url":"https://www.tvmaze.com/episodes/1751880/rick-and-morty-4x04-claw-and-hoarder-special-ricktims-morty","name":"Claw and Hoarder: Special Ricktim's Morty","season":4,"number":4,"type":"regular","airdate":"2019-12-08","airtime":"23:30","airstamp":"2019-12-09T04:30:00+00:00","runtime":30,"rating":{"average":7.4},"image":{"medium":"https://static.tvmaze.com/uploads/images/medium_landscape/230/576337.jpg","original":"https://static.tvmaze.com/uploads/images/original_untouched/230/576337.jpg"},"summary":"<p>Rick reluctantly gives in to Morty's wishes to get a pet dragon, then things get weird. Jerry befriends a talking cat and they go to Florida.</p>","_links":{"self":{"href":"https://api.tvmaze.com/episodes/1751880"},"show":{"href":"https://api.tvmaze.com/shows/216"}}},{"id":1751881,"url":"https://www.tvmaze.com/episodes/1751881/rick-and-morty-4x05-rattlestar-ricklactica","name":"Rattlestar Ricklactica","season":4,"number":5,"type":"regular","airdate":"2019-12-15","airtime":"23:30","airstamp":"2019-12-16T04:30:00+00:00","runtime":30,"rating":{"average":8.8},"image":{"medium":"https://static.tvmaze.com/uploads/images/medium_landscape/231/579127.jpg","original":"https://static.tvmaze.com/uploads/images/original_untouched/231/579127.jpg"},"summary":"<p>Rick and Morty get caught up in a full-on snake war after a space snake bites Morty. Jerry tries to prove he can hang Christmas lights without dying.</p>","_links":{"self":{"href":"https://api.tvmaze.com/episodes/1751881"},"show":{"href":"https://api.tvmaze.com/shows/216"}}},{"id":1827600,"url":"https://www.tvmaze.com/episodes/1827600/rick-and-morty-4x06-never-ricking-morty","name":"Never Ricking Morty","season":4,"number":6,"type":"regular","airdate":"2020-05-03","airtime":"23:30","airstamp":"2020-05-04T03:30:00+00:00","runtime":30,"rating":{"average":7.3},"image":{"medium":"https://static.tvmaze.com/uploads/images/medium_landscape/255/638365.jpg","original":"https://static.tvmaze.com/uploads/images/original_untouched/255/638365.jpg"},"summary":"<p>Rick and Morty get caught in a continuity-creating anthology device full of people telling stories about Rick.</p>","_links":{"self":{"href":"https://api.tvmaze.com/episodes/1827600"},"show":{"href":"https://api.tvmaze.com/shows/216"}}},{"id":1830517,"url":"https://www.tvmaze.com/episodes/1830517/rick-and-morty-4x07-promortyus","name":"Promortyus","season":4,"number":7,"type":"regular","airdate":"2020-05-10","airtime":"23:30","airstamp":"2020-05-11T03:30:00+00:00","runtime":30,"rating":{"average":8.5},"image":{"medium":"https://static.tvmaze.com/uploads/images/medium_landscape/256/640513.jpg","original":"https://static.tvmaze.com/uploads/images/original_untouched/256/640513.jpg"},"summary":"<p>Rick and Morty find themselves in a fight against face-hugging aliens who just happen to have an M&amp;M's store.</p><p><br /> </p>","_links":{"self":{"href":"https://api.tvmaze.com/episodes/1830517"},"show":{"href":"https://api.tvmaze.com/shows/216"}}},{"id":1839342,"url":"https://www.tvmaze.com/episodes/1839342/rick-and-morty-4x08-the-vat-of-acid-episode","name":"The Vat of Acid Episode","season":4,"number":8,"type":"regular","airdate":"2020-05-17","airtime":"23:30","airstamp":"2020-05-18T03:30:00+00:00","runtime":30,"rating":{"average":8.7},"image":{"medium":"https://static.tvmaze.com/uploads/images/medium_landscape/256/640514.jpg","original":"https://static.tvmaze.com/uploads/images/original_untouched/256/640514.jpg"},"summary":"<p>Morty challenges Rick to build him the real-life equivalent of a \"save game\" function to live without consequence. Also, there's a giant vat of acid.</p>","_links":{"self":{"href":"https://api.tvmaze.com/episodes/1839342"},"show":{"href":"https://api.tvmaze.com/shows/216"}}},{"id":1839343,"url":"https://www.tvmaze.com/episodes/1839343/rick-and-morty-4x09-childrick-of-mort","name":"Childrick of Mort","season":4,"number":9,"type":"regular","airdate":"2020-05-24","airtime":"23:30","airstamp":"2020-05-25T03:30:00+00:00","runtime":30,"rating":{"average":8.2},"image":{"medium":"https://static.tvmaze.com/uploads/images/medium_landscape/258/645881.jpg","original":"https://static.tvmaze.com/uploads/images/original_untouched/258/645881.jpg"},"summary":"<p>Jerry's plan to take the whole family on a camping trip is sidetracked when Rick gets news that he may have impregnated a planet.</p>","_links":{"self":{"href":"https://api.tvmaze.com/episodes/1839343"},"show":{"href":"https://api.tvmaze.com/shows/216"}}},{"id":1839344,"url":"https://www.tvmaze.com/episodes/1839344/rick-and-morty-4x10-star-mort-rickturn-of-the-jerri","name":"Star Mort Rickturn of the Jerri","season":4,"number":10,"type":"regular","airdate":"2020-05-31","airtime":"23:30","airstamp":"2020-06-01T03:30:00+00:00","runtime":30,"rating":{"average":8.9},"image":{"medium":"https://static.tvmaze.com/uploads/images/medium_landscape/259/649320.jpg","original":"https://static.tvmaze.com/uploads/images/original_untouched/259/649320.jpg"},"summary":"<p>Two Beths, a corporate-sponsored planet incinerator and some faces from the past force Rick and family to \"do a Star Wars\" to save Earth.</p><p><br /> </p>","_links":{"self":{"href":"https://api.tvmaze.com/episodes/1839344"},"show":{"href":"https://api.tvmaze.com/shows/216"}}},{"id":2055782,"url":"https://www.tvmaze.com/episodes/2055782/rick-and-morty-5x01-mort-dinner-rick-andre","name":"Mort Dinner Rick Andre","season":5,"number":1,"type":"regular","airdate":"2021-06-20","airtime":"23:00","airstamp":"2021-06-21T03:00:00+00:00","runtime":30,"rating":{"average":8.7},"image":{"medium":"https://static.tvmaze.com/uploads/images/medium_landscape/331/829108.jpg","original":"https://static.tvmaze.com/uploads/images/original_untouched/331/829108.jpg"},"summary":"<p>It's a busy night at the Smith house as Rick's nemesis pays a visit and Morty invites a girl over. Then some stuff happens with a portal in the garage.</p>","_links":{"self":{"href":"https://api.tvmaze.com/episodes/2055782"},"show":{"href":"https://api.tvmaze.com/shows/216"}}},{"id":2111926,"url":"https://www.tvmaze.com/episodes/2111926/rick-and-morty-5x02-mortyplicity","name":"Mortyplicity","season":5,"number":2,"type":"regular","airdate":"2021-06-27","airtime":"23:00","airstamp":"2021-06-28T03:00:00+00:00","runtime":30,"rating":{"average":8.7},"image":{"medium":"https://static.tvmaze.com/uploads/images/medium_landscape/334/835723.jpg","original":"https://static.tvmaze.com/uploads/images/original_untouched/334/835723.jpg"},"summary":"<p>Killer squids are after the Smiths, but luckily Rick created a decoy family. Or are they real? Can the decoys make decoys? Who's real? Are you real?</p>","_links":{"self":{"href":"https://api.tvmaze.com/episodes/2111926"},"show":{"href":"https://api.tvmaze.com/shows/216"}}},{"id":2115503,"url":"https://www.tvmaze.com/episodes/2115503/rick-and-morty-5x03-a-rickconvenient-mort","name":"A Rickconvenient Mort","season":5,"number":3,"type":"regular","airdate":"2021-07-04","airtime":"23:00","airstamp":"2021-07-05T03:00:00+00:00","runtime":30,"rating":{"average":8.1},"image":{"medium":"https://static.tvmaze.com/uploads/images/medium_landscape/336/841515.jpg","original":"https://static.tvmaze.com/uploads/images/original_untouched/336/841515.jpg"},"summary":"<p>Morty falls head-over-heels in love with an ecological superhero, leaving Summer to join Rick on a bender of interplanetary apocalyptic hedonism.</p>","_links":{"self":{"href":"https://api.tvmaze.com/episodes/2115503"},"show":{"href":"https://api.tvmaze.com/shows/216"}}},{"id":2121946,"url":"https://www.tvmaze.com/episodes/2121946/rick-and-morty-5x04-rickdependence-spray","name":"Rickdependence Spray","season":5,"number":4,"type":"regular","airdate":"2021-07-11","airtime":"23:00","airstamp":"2021-07-12T03:00:00+00:00","runtime":30,"rating":{"average":7.4},"image":{"medium":"https://static.tvmaze.com/uploads/images/medium_landscape/339/848455.jpg","original":"https://static.tvmaze.com/uploads/images/original_untouched/339/848455.jpg"},"summary":"<p>The Smiths band together to fight an army of giant mutant sperm, and let's just say everyone would be better off if Morty stays away from Beth's work.</p>","_links":{"self":{"href":"https://api.tvmaze.com/episodes/2121946"},"show":{"href":"https://api.tvmaze.com/shows/216"}}},{"id":2125581,"url":"https://www.tvmaze.com/episodes/2125581/rick-and-morty-5x05-amortycan-grickfitti","name":"Amortycan Grickfitti","season":5,"number":5,"type":"regular","airdate":"2021-07-18","airtime":"23:00","airstamp":"2021-07-19T03:00:00+00:00","runtime":30,"rating":{"average":7.7},"image":{"medium":"https://static.tvmaze.com/uploads/images/medium_landscape/341/854180.jpg","original":"https://static.tvmaze.com/uploads/images/original_untouched/341/854180.jpg"},"summary":"<p>Beth crashes Rick and Jerry's hellish guys night out, while Morty and Summer attempt to use a spaceship to impress a cool new kid at school.</p>","_links":{"self":{"href":"https://api.tvmaze.com/episodes/2125581"},"show":{"href":"https://api.tvmaze.com/shows/216"}}},{"id":2127407,"url":"https://www.tvmaze.com/episodes/2127407/rick-and-morty-5x06-rick-mortys-thanksploitation-spectacular","name":"Rick & Morty's Thanksploitation Spectacular","season":5,"number":6,"type":"regular","airdate":"2021-07-25","airtime":"23:00","airstamp":"2021-07-26T03:00:00+00:00","runtime":30,"rating":{"average":7.7},"image":{"medium":"https://static.tvmaze.com/uploads/images/medium_landscape/343/859276.jpg","original":"https://static.tvmaze.com/uploads/images/original_untouched/343/859276.jpg"},"summary":"<p>Rick turns himself into a turkey after he ruffles the President's feathers on Thanksgiving, and the situation soon spirals into total clucking carnage.</p>","_links":{"self":{"href":"https://api.tvmaze.com/episodes/2127407"},"show":{"href":"https://api.tvmaze.com/shows/216"}}},{"id":2127409,"url":"https://www.tvmaze.com/episodes/2127409/rick-and-morty-5x07-gotron-jerrysis-rickvangelion","name":"Gotron Jerrysis Rickvangelion","season":5,"number":7,"type":"regular","airdate":"2021-08-01","airtime":"23:00","airstamp":"2021-08-02T03:00:00+00:00","runtime":30,"rating":{"average":7.6},"image":{"medium":"https://static.tvmaze.com/uploads/images/medium_landscape/339/848929.jpg","original":"https://static.tvmaze.com/uploads/images/original_untouched/339/848929.jpg"},"summary":"<p>The Smiths get a lesson on the meaning of family after Rick cancels a trip to Boob World to acquire the fifth and final GoTron ferret.</p><p> </p>","_links":{"self":{"href":"https://api.tvmaze.com/episodes/2127409"},"show":{"href":"https://api.tvmaze.com/shows/216"}}},{"id":2130798,"url":"https://www.tvmaze.com/episodes/2130798/rick-and-morty-5x08-rickternal-friendshine-of-the-spotless-mort","name":"Rickternal Friendshine of the Spotless Mort","season":5,"number":8,"type":"regular","airdate":"2021-08-08","airtime":"23:00","airstamp":"2021-08-09T03:00:00+00:00","runtime":30,"rating":{"average":7.9},"image":{"medium":"https://static.tvmaze.com/uploads/images/medium_landscape/347/868292.jpg","original":"https://static.tvmaze.com/uploads/images/original_untouched/347/868292.jpg"},"summary":"<p>With the rest of the family out of town on a cruise, Rick is left to his own devices at home and decides it's time to reconnect with an old friend.</p>","_links":{"self":{"href":"https://api.tvmaze.com/episodes/2130798"},"show":{"href":"https://api.tvmaze.com/shows/216"}}},{"id":2130799,"url":"https://www.tvmaze.com/episodes/2130799/rick-and-morty-5x09-forgetting-sarick-mortshall","name":"Forgetting Sarick Mortshall","season":5,"number":9,"type":"regular","airdate":"2021-09-05","airtime":"23:00","airstamp":"2021-09-06T03:00:00+00:00","runtime":30,"rating":{"average":8.5},"image":{"medium":"https://static.tvmaze.com/uploads/images/medium_landscape/354/887285.jpg","original":"https://static.tvmaze.com/uploads/images/original_untouched/354/887285.jpg"},"summary":"<p>When Rick starts using birds as sidekicks, Morty finds a new partner in a portal. Is Rick and Morty's interdimensional partnership done forever?</p>","_links":{"self":{"href":"https://api.tvmaze.com/episodes/2130799"},"show":{"href":"https://api.tvmaze.com/shows/216"}}},{"id":2130800,"url":"https://www.tvmaze.com/episodes/2130800/rick-and-morty-5x10-rickmurai-jack","name":"Rickmurai Jack","season":5,"number":10,"type":"regular","airdate":"2021-09-05","airtime":"23:30","airstamp":"2021-09-06T03:30:00+00:00","runtime":30,"rating":{"average":8.4},"image":{"medium":"https://static.tvmaze.com/uploads/images/medium_landscape/354/887286.jpg","original":"https://static.tvmaze.com/uploads/images/original_untouched/354/887286.jpg"},"summary":"<p>Rick's still doing the weird crows thing, but a middle-aged Morty hopes to reconnect with Rick, leading them down an emotional path in a familiar location.</p>","_links":{"self":{"href":"https://api.tvmaze.com/episodes/2130800"},"show":{"href":"https://api.tvmaze.com/shows/216"}}},{"id":2367135,"url":"https://www.tvmaze.com/episodes/2367135/rick-and-morty-6x01-solaricks","name":"Solaricks","season":6,"number":1,"type":"regular","airdate":"2022-09-04","airtime":"23:00","airstamp":"2022-09-05T03:00:00+00:00","runtime":30,"rating":{"average":8.5},"image":{"medium":"https://static.tvmaze.com/uploads/images/medium_landscape/421/1052645.jpg","original":"https://static.tvmaze.com/uploads/images/original_untouched/421/1052645.jpg"},"summary":"<p>They're back, baby! The Smiths deal with last season's fallout, and Rick and Morty are stranded in space floating in the remnants of the citadel.</p>","_links":{"self":{"href":"https://api.tvmaze.com/episodes/2367135"},"show":{"href":"https://api.tvmaze.com/shows/216"}}},{"id":2383531,"url":"https://www.tvmaze.com/episodes/2383531/rick-and-morty-6x02-rick-a-mort-well-lived","name":"Rick: A Mort Well Lived","season":6,"number":2,"type":"regular","airdate":"2022-09-11","airtime":"23:00","airstamp":"2022-09-12T03:00:00+00:00","runtime":30,"rating":{"average":8.3},"image":{"medium":"https://static.tvmaze.com/uploads/images/medium_landscape/421/1054704.jpg","original":"https://static.tvmaze.com/uploads/images/original_untouched/421/1054704.jpg"},"summary":"<p>Morty is trapped and Rick needs to save him, but to do so, Summer must do a Die Hard. This won't be easy because she's never seen it.</p><p><br /> </p>","_links":{"self":{"href":"https://api.tvmaze.com/episodes/2383531"},"show":{"href":"https://api.tvmaze.com/shows/216"}}},{"id":2388198,"url":"https://www.tvmaze.com/episodes/2388198/rick-and-morty-6x03-bethic-twinstinct","name":"Bethic Twinstinct","season":6,"number":3,"type":"regular","airdate":"2022-09-18","airtime":"23:00","airstamp":"2022-09-19T03:00:00+00:00","runtime":30,"rating":{"average":8.8},"image":{"medium":"https://static.tvmaze.com/uploads/images/medium_landscape/422/1056844.jpg","original":"https://static.tvmaze.com/uploads/images/original_untouched/422/1056844.jpg"},"summary":"<p>The Smiths celebrate one of their favourite holidays while Summer and Morty lock into their new ultra-realistic video game console.</p><p><br /> </p>","_links":{"self":{"href":"https://api.tvmaze.com/episodes/2388198"},"show":{"href":"https://api.tvmaze.com/shows/216"}}},{"id":2392927,"url":"https://www.tvmaze.com/episodes/2392927/rick-and-morty-6x04-night-family","name":"Night Family","season":6,"number":4,"type":"regular","airdate":"2022-09-25","airtime":"23:00","airstamp":"2022-09-26T03:00:00+00:00","runtime":30,"rating":{"average":8.8},"image":{"medium":"https://static.tvmaze.com/uploads/images/medium_landscape/423/1058641.jpg","original":"https://static.tvmaze.com/uploads/images/original_untouched/423/1058641.jpg"},"summary":"<p>The family discover Rick has been using some new technology that they want to try too. After obliging, classic Rick and Morty chaos ensues.</p>","_links":{"self":{"href":"https://api.tvmaze.com/episodes/2392927"},"show":{"href":"https://api.tvmaze.com/shows/216"}}},{"id":2399914,"url":"https://www.tvmaze.com/episodes/2399914/rick-and-morty-6x05-final-desmithation","name":"Final DeSmithation","season":6,"number":5,"type":"regular","airdate":"2022-10-02","airtime":"23:00","airstamp":"2022-10-03T03:00:00+00:00","runtime":30,"rating":{"average":8.5},"image":{"medium":"https://static.tvmaze.com/uploads/images/medium_landscape/424/1061150.jpg","original":"https://static.tvmaze.com/uploads/images/original_untouched/424/1061150.jpg"},"summary":"<p>The Smiths dine at their favourite Chinese restaurant and read their fortune cookies aloud. Pretty normal stuff, until Jerry reads his.</p>","_links":{"self":{"href":"https://api.tvmaze.com/episodes/2399914"},"show":{"href":"https://api.tvmaze.com/shows/216"}}},{"id":2401619,"url":"https://www.tvmaze.com/episodes/2401619/rick-and-morty-6x06-juricksic-mort","name":"JuRicksic Mort","season":6,"number":6,"type":"regular","airdate":"2022-10-09","airtime":"23:00","airstamp":"2022-10-10T03:00:00+00:00","runtime":30,"rating":{"average":8.3},"image":{"medium":"https://static.tvmaze.com/uploads/images/medium_landscape/425/1064415.jpg","original":"https://static.tvmaze.com/uploads/images/original_untouched/425/1064415.jpg"},"summary":"<p>Seemingly out of the blue, Earth's old rulers return. They make a great case for changing the way society does business, but Rick isn't going to put up with it.</p>","_links":{"self":{"href":"https://api.tvmaze.com/episodes/2401619"},"show":{"href":"https://api.tvmaze.com/shows/216"}}},{"id":2424848,"url":"https://www.tvmaze.com/episodes/2424848/rick-and-morty-6x07-full-meta-jackrick","name":"Full Meta Jackrick","season":6,"number":7,"type":"regular","airdate":"2022-11-20","airtime":"23:00","airstamp":"2022-11-21T04:00:00+00:00","runtime":30,"rating":{"average":9},"image":{"medium":"https://static.tvmaze.com/uploads/images/medium_landscape/431/1078899.jpg","original":"https://static.tvmaze.com/uploads/images/original_untouched/431/1078899.jpg"},"summary":"<p>Rick and Morty remember some of their old adventures together, which leads them to a stand-off with an old enemy.</p>","_links":{"self":{"href":"https://api.tvmaze.com/episodes/2424848"},"show":{"href":"https://api.tvmaze.com/shows/216"}}},{"id":2433276,"url":"https://www.tvmaze.com/episodes/2433276/rick-and-morty-6x08-analyze-piss","name":"Analyze Piss","season":6,"number":8,"type":"regular","airdate":"2022-11-27","airtime":"23:00","airstamp":"2022-11-28T04:00:00+00:00","runtime":30,"rating":{"average":8.5},"image":{"medium":"https://static.tvmaze.com/uploads/images/medium_landscape/432/1080841.jpg","original":"https://static.tvmaze.com/uploads/images/original_untouched/432/1080841.jpg"},"summary":"<p>Tired of being attacked by goofball supervillains, Rick decides to seek advice about why he's always a target, leading to a breakthrough - for Jerry.</p>","_links":{"self":{"href":"https://api.tvmaze.com/episodes/2433276"},"show":{"href":"https://api.tvmaze.com/shows/216"}}},{"id":2436430,"url":"https://www.tvmaze.com/episodes/2436430/rick-and-morty-6x09-a-rick-in-king-morturs-mort","name":"A Rick in King Mortur's Mort","season":6,"number":9,"type":"regular","airdate":"2022-12-04","airtime":"23:00","airstamp":"2022-12-05T04:00:00+00:00","runtime":30,"rating":{"average":8.6},"image":{"medium":"https://static.tvmaze.com/uploads/images/medium_landscape/432/1081799.jpg","original":"https://static.tvmaze.com/uploads/images/original_untouched/432/1081799.jpg"},"summary":"<p>Morty starts a war on worlds after debunking the entire existence of the Knights of the Sun and is forced to take extreme measures in order to put an end to it all.</p>","_links":{"self":{"href":"https://api.tvmaze.com/episodes/2436430"},"show":{"href":"https://api.tvmaze.com/shows/216"}}},{"id":2439172,"url":"https://www.tvmaze.com/episodes/2439172/rick-and-morty-6x10-ricktional-mortpoons-rickmas-mortcation","name":"Ricktional Mortpoon's Rickmas Mortcation","season":6,"number":10,"type":"regular","airdate":"2022-12-11","airtime":"23:00","airstamp":"2022-12-12T04:00:00+00:00","runtime":30,"rating":{"average":8.6},"image":{"medium":"https://static.tvmaze.com/uploads/images/medium_landscape/434/1086572.jpg","original":"https://static.tvmaze.com/uploads/images/original_untouched/434/1086572.jpg"},"summary":"<p>What starts as a merry Christmas in the Smith household takes an ugly turn when Morty uncovers a betrayal thanks to a gift from a galaxy far, far away.</p>","_links":{"self":{"href":"https://api.tvmaze.com/episodes/2439172"},"show":{"href":"https://api.tvmaze.com/shows/216"}}},{"id":2629188,"url":"https://www.tvmaze.com/episodes/2629188/rick-and-morty-7x01-how-poopy-got-his-poop-back","name":"How Poopy Got His Poop Back","season":7,"number":1,"type":"regular","airdate":"2023-10-15","airtime":"23:00","airstamp":"2023-10-16T03:00:00+00:00","runtime":30,"rating":{"average":7.3},"image":{"medium":"https://static.tvmaze.com/uploads/images/medium_landscape/481/1203461.jpg","original":"https://static.tvmaze.com/uploads/images/original_untouched/481/1203461.jpg"},"summary":"<p>When Mr. Poopybutthole overstays his welcome at the Smith household, the rest of the family get Rick to deal with the problem. However what starts out as a hang out of friends quickly turns into an out of control bar crawl, especially when a special guest joins the group.</p><p><br /> </p>","_links":{"self":{"href":"https://api.tvmaze.com/episodes/2629188"},"show":{"href":"https://api.tvmaze.com/shows/216"}}},{"id":2639834,"url":"https://www.tvmaze.com/episodes/2639834/rick-and-morty-7x02-the-jerrick-trap","name":"The Jerrick Trap","season":7,"number":2,"type":"regular","airdate":"2023-10-22","airtime":"23:00","airstamp":"2023-10-23T03:00:00+00:00","runtime":30,"rating":{"average":8.5},"image":{"medium":"https://static.tvmaze.com/uploads/images/medium_landscape/482/1206935.jpg","original":"https://static.tvmaze.com/uploads/images/original_untouched/482/1206935.jpg"},"summary":"<p>Rick and Jerry's minds are accidentally scrambled; they have to learn to set aside their differences to save their family.</p>","_links":{"self":{"href":"https://api.tvmaze.com/episodes/2639834"},"show":{"href":"https://api.tvmaze.com/shows/216"}}},{"id":2664562,"url":"https://www.tvmaze.com/episodes/2664562/rick-and-morty-7x03-air-force-wong","name":"Air Force Wong","season":7,"number":3,"type":"regular","airdate":"2023-10-29","airtime":"23:00","airstamp":"2023-10-30T03:00:00+00:00","runtime":30,"rating":{"average":8.5},"image":{"medium":"https://static.tvmaze.com/uploads/images/medium_landscape/484/1210292.jpg","original":"https://static.tvmaze.com/uploads/images/original_untouched/484/1210292.jpg"},"summary":"<p>Rick, along with the president and Dr. Wong, deal with a situation when an ex-lover of Rick takes over Virginia.</p>","_links":{"self":{"href":"https://api.tvmaze.com/episodes/2664562"},"show":{"href":"https://api.tvmaze.com/shows/216"}}},{"id":2667017,"url":"https://www.tvmaze.com/episodes/2667017/rick-and-morty-7x04-thats-amorte","name":"That's Amorte","season":7,"number":4,"type":"regular","airdate":"2023-11-05","airtime":"23:00","airstamp":"2023-11-06T04:00:00+00:00","runtime":30,"rating":{"average":8.7},"image":{"medium":"https://static.tvmaze.com/uploads/images/medium_landscape/484/1211100.jpg","original":"https://static.tvmaze.com/uploads/images/original_untouched/484/1211100.jpg"},"summary":"<p>The Smith family is enjoying delicious spaghetti for family dinner but Morty uncovers the truth about the dish leading to a horrifying discovery and the collapse of a society.</p>","_links":{"self":{"href":"https://api.tvmaze.com/episodes/2667017"},"show":{"href":"https://api.tvmaze.com/shows/216"}}},{"id":2667018,"url":"https://www.tvmaze.com/episodes/2667018/rick-and-morty-7x05-unmortricken","name":"Unmortricken","season":7,"number":5,"type":"regular","airdate":"2023-11-12","airtime":"23:00","airstamp":"2023-11-13T04:00:00+00:00","runtime":30,"rating":{"average":8.9},"image":{"medium":"https://static.tvmaze.com/uploads/images/medium_landscape/486/1216454.jpg","original":"https://static.tvmaze.com/uploads/images/original_untouched/486/1216454.jpg"},"summary":"<p>The search for Rick Prime takes Rick and Morty to the vast reaches of the multiverse where they have to team up with an old enemy to bring him down for good.</p>","_links":{"self":{"href":"https://api.tvmaze.com/episodes/2667018"},"show":{"href":"https://api.tvmaze.com/shows/216"}}},{"id":2667019,"url":"https://www.tvmaze.com/episodes/2667019/rick-and-morty-7x06-rickfending-your-mort","name":"Rickfending Your Mort","season":7,"number":6,"type":"regular","airdate":"2023-11-19","airtime":"23:00","airstamp":"2023-11-20T04:00:00+00:00","runtime":30,"rating":{"average":null},"image":null,"summary":null,"_links":{"self":{"href":"https://api.tvmaze.com/episodes/2667019"},"show":{"href":"https://api.tvmaze.com/shows/216"}}},{"id":2667020,"url":"https://www.tvmaze.com/episodes/2667020/rick-and-morty-7x07-wet-kuat-amortican-summer","name":"Wet Kuat Amortican Summer","season":7,"number":7,"type":"regular","airdate":"2023-11-26","airtime":"23:00","airstamp":"2023-11-27T04:00:00+00:00","runtime":30,"rating":{"average":null},"image":null,"summary":null,"_links":{"self":{"href":"https://api.tvmaze.com/episodes/2667020"},"show":{"href":"https://api.tvmaze.com/shows/216"}}},{"id":2667021,"url":"https://www.tvmaze.com/episodes/2667021/rick-and-morty-7x08-rise-of-the-numbericons-the-movie","name":"Rise of the Numbericons: The Movie","season":7,"number":8,"type":"regular","airdate":"2023-12-03","airtime":"23:00","airstamp":"2023-12-04T04:00:00+00:00","runtime":30,"rating":{"average":null},"image":null,"summary":null,"_links":{"self":{"href":"https://api.tvmaze.com/episodes/2667021"},"show":{"href":"https://api.tvmaze.com/shows/216"}}},{"id":2667022,"url":"https://www.tvmaze.com/episodes/2667022/rick-and-morty-7x09-mort-ragnarick","name":"Mort: Ragnarick","season":7,"number":9,"type":"regular","airdate":"2023-12-10","airtime":"23:00","airstamp":"2023-12-11T04:00:00+00:00","runtime":30,"rating":{"average":null},"image":null,"summary":null,"_links":{"self":{"href":"https://api.tvmaze.com/episodes/2667022"},"show":{"href":"https://api.tvmaze.com/shows/216"}}},{"id":2667023,"url":"https://www.tvmaze.com/episodes/2667023/rick-and-morty-7x10-fear-no-mort","name":"Fear No Mort","season":7,"number":10,"type":"regular","airdate":"2023-12-17","airtime":"23:00","airstamp":"2023-12-18T04:00:00+00:00","runtime":30,"rating":{"average":null},"image":null,"summary":null,"_links":{"self":{"href":"https://api.tvmaze.com/episodes/2667023"},"show":{"href":"https://api.tvmaze.com/shows/216"}}}]}}